,close,high,low,open,time,volumefrom,volumeto
0,0.002094,0.002356,0.002017,0.002021,20141202,0.0,0.0
1,0.002017,0.002096,0.001998,0.002073,20141203,0.0,0.0
2,0.002404,0.002511,0.001956,0.001979,20141204,0.0,0.0
3,0.001994,0.002564,0.00199,0.002455,20141205,0.0,0.0
4,0.002028,0.002028,0.001987,0.001987,20141206,0.0,0.0
5,0.002108,0.002259,0.002029,0.002029,20141207,0.0,0.0
6,0.002025,0.002252,0.001993,0.002044,20141208,0.0,0.0
7,0.001919,0.00231,0.001916,0.001955,20141209,0.0,0.0
8,0.001921,0.002255,0.001893,0.001896,20141210,0.0,0.0
9,0.001877,0.0021,0.001877,0.001919,20141211,0.0,0.0
10,0.001908,0.002294,0.001905,0.001908,20141212,0.0,0.0
11,0.001877,0.002082,0.001877,0.00188,20141213,0.0,0.0
12,0.001974,0.002096,0.001883,0.001883,20141214,0.0,0.0
13,0.001962,0.002072,0.001951,0.001951,20141215,0.0,0.0
14,0.001866,0.002104,0.001866,0.001876,20141216,0.0,0.0
15,0.001703,0.00192,0.001693,0.001808,20141217,0.0,0.0
16,0.001654,0.00211,0.001642,0.001651,20141218,0.0,0.0
17,0.001748,0.001748,0.001681,0.001694,20141219,0.0,0.0
18,0.00185,0.001975,0.001817,0.001817,20141220,0.0,0.0
19,0.001836,0.001868,0.001807,0.001807,20141221,0.0,0.0
20,0.001985,0.002114,0.001859,0.001882,20141222,0.0,0.0
21,0.002072,0.002146,0.002012,0.002012,20141223,0.0,0.0
22,0.001992,0.001992,0.001844,0.001992,20141224,0.0,0.0
23,0.002265,0.002265,0.001914,0.001971,20141225,0.0,0.0
24,0.001983,0.002475,0.001983,0.002343,20141226,0.0,0.0
25,0.002147,0.002368,0.001892,0.001895,20141227,0.0,0.0
26,0.002326,0.002326,0.002057,0.002156,20141228,0.0,0.0
27,0.002039,0.002309,0.001935,0.002309,20141229,0.0,0.0
28,0.001914,0.002176,0.001899,0.00202,20141230,0.0,0.0
29,0.002221,0.002228,0.001789,0.001957,20141231,0.0,0.0
30,0.001892,0.002198,0.001826,0.002198,20150101,0.0,0.0
31,0.002238,0.002487,0.001894,0.001894,20150102,0.0,0.0
32,0.00228,0.00228,0.002039,0.002039,20150103,0.0,0.0
33,0.001723,0.002107,0.001721,0.002102,20150104,0.0,0.0
34,0.001833,0.001976,0.001677,0.001789,20150105,0.0,0.0
35,0.001722,0.001883,0.001722,0.001883,20150106,0.0,0.0
36,0.001894,0.002098,0.001777,0.001777,20150107,0.0,0.0
37,0.001767,0.001837,0.001741,0.001837,20150108,0.0,0.0
38,0.001759,0.001955,0.001757,0.0018,20150109,0.0,0.0
39,0.001667,0.001777,0.001667,0.00167,20150110,0.0,0.0
40,0.001615,0.001755,0.001615,0.001615,20150111,0.0,0.0
41,0.001643,0.001759,0.001643,0.001643,20150112,0.0,0.0
42,0.00135,0.001352,0.00135,0.00135,20150113,0.0,0.0
43,0.001156,0.001181,0.0009912,0.001006,20150114,0.0,0.0
44,0.001282,0.00151,0.001265,0.001471,20150115,0.0,0.0
45,0.001268,0.001314,0.001264,0.001264,20150116,0.0,0.0
46,0.00122,0.001224,0.00122,0.001224,20150117,0.0,0.0
47,0.001291,0.001291,0.00127,0.001287,20150118,0.0,0.0
48,0.001306,0.001371,0.0013,0.001323,20150119,0.0,0.0
49,0.00127,0.001276,0.00127,0.001274,20150120,0.0,0.0
50,0.001378,0.001522,0.001376,0.001376,20150121,0.0,0.0
51,0.00145,0.001652,0.001403,0.001406,20150122,0.0,0.0
52,0.001442,0.001507,0.001439,0.001446,20150123,0.0,0.0
53,0.001541,0.001685,0.001541,0.001541,20150124,0.0,0.0
54,0.001576,0.001576,0.001563,0.001565,20150125,0.0,0.0
55,0.001669,0.00172,0.001669,0.001682,20150126,21.0,0.03505
56,0.001632,0.001632,0.001632,0.001632,20150127,365.12,0.5959
57,0.001511,0.001511,0.001464,0.001464,20150128,0.0,0.0
58,0.001458,0.001498,0.001455,0.001498,20150129,0.0,0.0
59,0.001444,0.001484,0.001442,0.001444,20150130,10477.85,15.13
60,0.001357,0.001453,0.001357,0.001361,20150131,3534.02,4.8
61,0.001388,0.00144,0.001352,0.001399,20150201,938.32,1.3
62,0.001469,0.001591,0.001469,0.001471,20150202,552.54,0.8117
63,0.001401,0.001474,0.001399,0.001399,20150203,428.0,0.5996
64,0.001314,0.001396,0.001314,0.001396,20150204,248.0,0.3259
65,0.00126,0.001299,0.001256,0.001256,20150205,427.32,0.5384
66,0.001358,0.001514,0.001293,0.0013,20150206,239.9,0.3258
67,0.001375,0.001389,0.001368,0.001389,20150207,51.0,0.07012
68,0.001342,0.001353,0.001342,0.001351,20150208,0.0,0.0
69,0.001304,0.001326,0.001293,0.001322,20150209,1007.16,1.31
70,0.001351,0.001604,0.0013,0.0013,20150210,860.46,1.16
71,0.001372,0.001532,0.001346,0.001346,20150211,3317.51,4.55
72,0.001366,0.001517,0.001346,0.001391,20150212,392.63,0.5363
73,0.001507,0.001519,0.00137,0.001455,20150213,105.0,0.1582
74,0.001567,0.00165,0.001547,0.00165,20150214,3804.15,5.96
75,0.00136,0.001425,0.001353,0.001414,20150215,0.89,0.00121
76,0.001368,0.001377,0.001368,0.001375,20150216,0.0,0.0
77,0.001415,0.001552,0.001411,0.001411,20150217,0.0,0.0
78,0.001411,0.001472,0.001367,0.001369,20150218,0.0,0.0
79,0.001403,0.001543,0.001403,0.001452,20150219,0.0,0.0
80,0.001421,0.001506,0.001418,0.001418,20150220,0.0,0.0
81,0.00142,0.001422,0.00142,0.00142,20150221,0.0,0.0
82,0.00137,0.00137,0.00137,0.00137,20150222,0.0,0.0
83,0.001378,0.00139,0.001364,0.001388,20150223,0.0,0.0
84,0.001364,0.001402,0.001345,0.001378,20150224,0.0,0.0
85,0.001365,0.001393,0.001339,0.001355,20150225,0.0,0.0
86,0.001396,0.001396,0.00136,0.00136,20150226,0.0,0.0
87,0.00143,0.001495,0.00143,0.001495,20150227,0.0,0.0
88,0.001458,0.001461,0.00143,0.001433,20150228,0.0,0.0
89,0.001519,0.001522,0.00145,0.001481,20150301,0.0,0.0
90,0.001547,0.001612,0.00144,0.001533,20150302,0.0,0.0
91,0.001549,0.001603,0.001516,0.001586,20150303,0.0,0.0
92,0.001577,0.001632,0.001498,0.001501,20150304,0.0,0.0
93,0.001544,0.001596,0.001514,0.001596,20150305,0.0,0.0
94,0.001532,0.001573,0.001529,0.001529,20150306,0.0,0.0
95,0.001518,0.001649,0.001487,0.001545,20150307,0.0,0.0
96,0.00151,0.001518,0.001482,0.001515,20150308,0.0,0.0
97,0.001456,0.001543,0.001296,0.001537,20150309,0.0,0.0
98,0.000912,0.0016,0.0009032,0.001463,20150310,0.0,0.0
99,0.0007626,0.001626,0.0006503,0.0009252,20150311,0.0,0.0
100,0.0009374,0.001026,0.0007581,0.0007581,20150312,0.0,0.0
101,0.0008702,0.001063,0.0008702,0.0009162,20150313,45599.3,39.68
102,0.001315,0.001639,0.0008504,0.0008532,20150314,458.33,0.6027
103,0.00145,0.001729,0.001313,0.00133,20150315,0.0,0.0
104,0.001597,0.001667,0.001365,0.001478,20150316,6698.0,10.7
105,0.001513,0.001621,0.001498,0.00157,20150317,0.0,0.0
106,0.001367,0.001477,0.001356,0.001356,20150318,2968.17,4.06
107,0.001607,0.001607,0.001388,0.001393,20150319,378.69,0.6086
108,0.001442,0.00167,0.001429,0.001613,20150320,450.0,0.6489
109,0.001493,0.001582,0.001428,0.001431,20150321,16874.1,25.19
110,0.001603,0.001617,0.001517,0.001544,20150322,300.0,0.4809
111,0.001516,0.00159,0.001508,0.001585,20150323,0.0,0.0
112,0.001419,0.001451,0.001409,0.001409,20150324,417.0,0.5917
113,0.001431,0.001488,0.001417,0.001417,20150325,0.0,0.0
114,0.001401,0.001592,0.001394,0.001441,20150326,0.0,0.0
115,0.001496,0.001619,0.001392,0.001397,20150327,0.0,0.0
116,0.001608,0.001731,0.001525,0.001525,20150328,0.0,0.0
117,0.001426,0.001566,0.00138,0.001544,20150329,0.0,0.0
118,0.001454,0.001604,0.001454,0.001454,20150330,0.0,0.0
119,0.001357,0.001582,0.001357,0.001438,20150331,0.0,0.0
120,0.001305,0.001391,0.001305,0.001369,20150401,131.34,0.1714
121,0.001336,0.001351,0.001314,0.001339,20150402,0.0,0.0
122,0.001323,0.001374,0.001323,0.001346,20150403,0.0,0.0
123,0.001282,0.001315,0.001277,0.001315,20150404,0.0,0.0
124,0.001327,0.001376,0.001316,0.001316,20150405,0.0,0.0
125,0.001303,0.001471,0.001303,0.001303,20150406,0.0,0.0
126,0.001434,0.001442,0.001277,0.001293,20150407,0.0,0.0
127,0.00125,0.001401,0.001247,0.001387,20150408,0.0,0.0
128,0.00129,0.001365,0.001243,0.001243,20150409,0.0,0.0
129,0.001221,0.001314,0.001207,0.001244,20150410,0.0,0.0
130,0.001232,0.001234,0.00123,0.00123,20150411,0.0,0.0
131,0.001231,0.001269,0.001229,0.001229,20150412,0.0,0.0
132,0.001167,0.001183,0.001167,0.001167,20150413,0.0,0.0
133,0.001138,0.001138,0.001138,0.001138,20150414,0.0,0.0
134,0.001164,0.001164,0.001164,0.001164,20150415,0.0,0.0
135,0.00119,0.00119,0.00119,0.00119,20150416,0.0,0.0
136,0.001162,0.001162,0.001162,0.001162,20150417,0.0,0.0
137,0.001166,0.001166,0.001166,0.001166,20150418,0.0,0.0
138,0.001164,0.001164,0.001164,0.001164,20150419,0.0,0.0
139,0.001121,0.001121,0.0008992,0.0008992,20150420,37.72,0.04228
140,0.001169,0.001169,0.001169,0.001169,20150421,170.0,0.1987
141,0.001176,0.001176,0.001169,0.001169,20150422,207.31,0.2438
142,0.001201,0.001203,0.001201,0.001203,20150423,0.0,0.0
143,0.001179,0.001181,0.001179,0.001179,20150424,0.0,0.0
144,0.001124,0.001153,0.001124,0.001153,20150425,0.0,0.0
145,0.001096,0.001148,0.001087,0.001087,20150426,0.0,0.0
146,0.001172,0.001191,0.00114,0.001147,20150427,0.0,0.0
147,0.001186,0.001195,0.001131,0.001156,20150428,0.0,0.0
148,0.001123,0.001192,0.001123,0.001183,20150429,0.0,0.0
149,0.001179,0.001179,0.001174,0.001174,20150430,0.0,0.0
150,0.001101,0.001189,0.001098,0.001166,20150501,9790.61,10.78
151,0.00113,0.001247,0.001111,0.001111,20150502,0.0,0.0
152,0.001152,0.001248,0.001152,0.001152,20150503,0.0,0.0
153,0.001149,0.001207,0.001147,0.001147,20150504,0.0,0.0
154,0.001144,0.00125,0.001134,0.001134,20150505,0.0,0.0
155,0.001111,0.001123,0.001109,0.001118,20150506,497.0,0.5522
156,0.001148,0.00116,0.001148,0.001148,20150507,0.0,0.0
157,0.001292,0.001306,0.001177,0.001177,20150508,0.0,0.0
158,0.001188,0.001279,0.001185,0.001279,20150509,0.0,0.0
159,0.001181,0.001243,0.001181,0.001181,20150510,0.0,0.0
160,0.001216,0.001233,0.00119,0.00119,20150511,0.0,0.0
161,0.001186,0.001232,0.001186,0.001186,20150512,0.0,0.0
162,0.00126,0.00126,0.0009573,0.001161,20150513,0.0,0.0
163,0.001301,0.001301,0.001028,0.001263,20150514,0.0,0.0
164,0.001105,0.001302,0.001077,0.001302,20150515,1760.65,1.95
165,0.001295,0.001297,0.001023,0.001101,20150516,0.0,0.0
166,0.001248,0.001418,0.00107,0.001295,20150517,0.0,0.0
167,0.001291,0.001338,0.001228,0.001228,20150518,0.0,0.0
168,0.001167,0.001323,0.00116,0.001288,20150519,0.0,0.0
169,0.001184,0.001322,0.001177,0.001177,20150520,0.0,0.0
170,0.001137,0.001309,0.001064,0.001191,20150521,249.07,0.2832
171,0.001113,0.001322,0.0009951,0.001161,20150522,1037.41,1.15
172,0.001295,0.00136,0.001106,0.001106,20150523,10271.3,13.3
173,0.001258,0.00147,0.001207,0.001306,20150524,0.0,0.0
174,0.001481,0.001515,0.001216,0.001239,20150525,0.0,0.0
175,0.001472,0.001539,0.001332,0.001332,20150526,2151.12,3.17
176,0.001466,0.001661,0.001322,0.001469,20150527,0.0,0.0
177,0.001839,0.00229,0.001467,0.001467,20150528,4876.08,8.97
178,0.002015,0.002278,0.001837,0.001837,20150529,0.0,0.0
179,0.001528,0.002073,0.00146,0.001982,20150530,5000.0,7.64
180,0.001508,0.001623,0.001505,0.001505,20150531,0.0,0.0
181,0.00156,0.001562,0.001459,0.001464,20150601,0.0,0.0
182,0.001481,0.00158,0.001476,0.001578,20150602,0.0,0.0
183,0.001478,0.001577,0.001475,0.00148,20150603,0.0,0.0
184,0.001466,0.001565,0.001466,0.001469,20150604,0.0,0.0
185,0.001582,0.001782,0.001419,0.001473,20150605,0.0,0.0
186,0.001578,0.001683,0.001573,0.001578,20150606,0.0,0.0
187,0.001537,0.001605,0.001537,0.001569,20150607,15.0,0.02305
188,0.001557,0.001682,0.001486,0.001573,20150608,26.0,0.04048
189,0.001595,0.001687,0.001412,0.001563,20150609,0.0,0.0
190,0.001608,0.001613,0.001435,0.00159,20150610,0.0,0.0
191,0.001446,0.001616,0.001149,0.001616,20150611,0.0,0.0
192,0.001417,0.001618,0.001256,0.00145,20150612,20675.0,29.3
193,0.001767,0.001955,0.00143,0.00143,20150613,19182.2,33.89
194,0.00187,0.001971,0.00176,0.001777,20150614,39065.99,73.05
195,0.001946,0.002014,0.00146,0.001896,20150615,77046.18,149.93
196,0.002373,0.002373,0.002051,0.002051,20150616,5511.03,13.08
197,0.002474,0.002659,0.00213,0.00235,20150617,15337.15,37.94
198,0.002489,0.002643,0.002484,0.002484,20150618,0.0,0.0
199,0.002444,0.002537,0.002441,0.002446,20150619,0.0,0.0
200,0.002207,0.002452,0.002073,0.00245,20150620,9950.07,21.96
201,0.002443,0.002453,0.002075,0.002199,20150621,612.61,1.5
202,0.002455,0.002536,0.002098,0.002477,20150622,550.0,1.35
203,0.00246,0.002462,0.002001,0.002418,20150623,3442.0,8.47
204,0.002427,0.00243,0.002427,0.002427,20150624,0.0,0.0
205,0.00245,0.00245,0.002382,0.002447,20150625,23.9,0.05855
206,0.002201,0.002454,0.002199,0.002454,20150626,0.0,0.0
207,0.002527,0.002532,0.002272,0.002272,20150627,7293.0,18.43
208,0.002145,0.002509,0.002118,0.002509,20150628,10196.49,21.87
209,0.002269,0.002441,0.002213,0.002215,20150629,5865.0,13.31
210,0.002229,0.002654,0.002227,0.002332,20150630,1256.12,2.8
211,0.002061,0.002509,0.002061,0.002174,20150701,4927.87,10.16
212,0.002233,0.002233,0.001942,0.002039,20150702,0.0,0.0
213,0.001954,0.002237,0.001941,0.002237,20150703,0.0,0.0
214,0.001996,0.002316,0.001957,0.001993,20150704,0.0,0.0
215,0.002526,0.002526,0.002031,0.002069,20150705,0.0,0.0
216,0.00218,0.00254,0.002018,0.002516,20150706,2412.17,5.26
217,0.001999,0.002303,0.001999,0.002156,20150707,0.0,0.0
218,0.00202,0.002133,0.002017,0.002017,20150708,2508.05,5.07
219,0.002027,0.002468,0.002021,0.002024,20150709,0.0,0.0
220,0.002133,0.002609,0.002133,0.002136,20150710,9886.45,21.09
221,0.002336,0.002356,0.002196,0.002196,20150711,295.71,0.6908
222,0.002335,0.002484,0.002335,0.002484,20150712,177.64,0.4148
223,0.002178,0.002323,0.002178,0.002183,20150713,0.0,0.0
224,0.002158,0.00229,0.002152,0.002152,20150714,0.0,0.0
225,0.002126,0.002262,0.002126,0.002131,20150715,1439.77,3.06
226,0.002088,0.002088,0.002074,0.002074,20150716,1321.0,2.76
227,0.001834,0.002231,0.00182,0.002097,20150717,0.0,0.0
228,0.001965,0.002096,0.001787,0.001798,20150718,138.38,0.2719
229,0.001713,0.001959,0.00171,0.001959,20150719,2968.0,5.08
230,0.001983,0.002127,0.001613,0.001741,20150720,0.0,0.0
231,0.001637,0.001964,0.001618,0.001964,20150721,0.0,0.0
232,0.001606,0.001695,0.001606,0.001645,20150722,3419.5,5.49
233,0.001601,0.001604,0.001601,0.001604,20150723,996.0,1.59
234,0.001675,0.001698,0.001675,0.001675,20150724,0.0,0.0
235,0.001701,0.001744,0.001678,0.001678,20150725,1687.24,2.87
236,0.001719,0.001774,0.001695,0.001719,20150726,1221.89,2.1
237,0.001861,0.001902,0.00165,0.001726,20150727,0.0,0.0
238,0.001648,0.001871,0.001648,0.001865,20150728,571.0,0.941
239,0.001632,0.001782,0.001618,0.001618,20150729,1561.22,2.55
240,0.001705,0.001771,0.00161,0.001625,20150730,500.78,0.8538
241,0.001592,0.001685,0.001592,0.001685,20150731,0.0,0.0
242,0.001484,0.001638,0.001472,0.001573,20150801,2325.0,3.45
243,0.001418,0.001536,0.001418,0.001488,20150802,0.0,0.0
244,0.001433,0.001484,0.001414,0.001419,20150803,0.0,0.0
245,0.001456,0.001655,0.001422,0.001447,20150804,102.0,0.1485
246,0.001411,0.001465,0.001411,0.001442,20150805,0.0,0.0
247,0.001476,0.001476,0.001396,0.001398,20150806,402.96,0.5948
248,0.001428,0.001476,0.001401,0.001476,20150807,0.0,0.0
249,0.001303,0.001368,0.001303,0.001329,20150808,0.0,0.0
250,0.001325,0.001356,0.001322,0.00133,20150809,0.0,0.0
251,0.001319,0.001327,0.001319,0.001322,20150810,0.0,0.0
252,0.001278,0.00138,0.001278,0.001348,20150811,1841.32,2.35
253,0.001215,0.001338,0.001204,0.001271,20150812,0.0,0.0
254,0.00142,0.001449,0.001122,0.001196,20150813,0.0,0.0
255,0.001299,0.001458,0.001299,0.001429,20150814,2054.0,2.67
256,0.001112,0.001277,0.00111,0.001277,20150815,10055.0,11.18
257,0.001239,0.001252,0.001095,0.001098,20150816,0.0,0.0
258,0.001119,0.001286,0.001095,0.001239,20150817,0.0,0.0
259,0.001105,0.001234,0.001061,0.001073,20150818,0.0,0.0
260,0.00108,0.00113,0.0009153,0.001012,20150819,172.81,0.1866
261,0.001047,0.00115,0.001004,0.001122,20150820,0.0,0.0
262,0.001016,0.001099,0.0009993,0.001037,20150821,0.0,0.0
263,0.0009939,0.001081,0.0009847,0.001003,20150822,0.0,0.0
264,0.0009841,0.001043,0.0009796,0.0009818,20150823,0.0,0.0
265,0.0009261,0.001011,0.0008943,0.0009176,20150824,0.0,0.0
266,0.001105,0.001105,0.0009658,0.0009658,20150825,383.41,0.4237
267,0.001024,0.001129,0.0009966,0.001127,20150826,0.0,0.0
268,0.001027,0.001118,0.001013,0.001013,20150827,0.0,0.0
269,0.001079,0.001181,0.001068,0.001068,20150828,5993.0,6.47
270,0.001047,0.001065,0.001047,0.001065,20150829,0.0,0.0
271,0.001048,0.001064,0.001046,0.001046,20150830,0.0,0.0
272,0.001042,0.001145,0.001042,0.001053,20150831,541.0,0.5637
273,0.001031,0.001134,0.001031,0.001031,20150901,0.0,0.0
274,0.001038,0.001141,0.001038,0.001038,20150902,0.0,0.0
275,0.001031,0.001124,0.001027,0.001027,20150903,223.91,0.2309
276,0.00105,0.001142,0.001048,0.00105,20150904,0.0,0.0
277,0.001159,0.001159,0.001066,0.001066,20150905,0.0,0.0
278,0.001094,0.001192,0.001094,0.00119,20150906,0.0,0.0
279,0.001162,0.001191,0.00109,0.001092,20150907,4350.0,5.05
280,0.001121,0.001209,0.001109,0.00118,20150908,2424.66,2.72
281,0.001085,0.001403,0.001083,0.001094,20150909,0.0,0.0
282,0.001093,0.001236,0.001088,0.001088,20150910,0.0,0.0
283,0.001113,0.001207,0.001099,0.001101,20150911,0.0,0.0
284,0.001091,0.001176,0.001084,0.001093,20150912,0.0,0.0
285,0.001075,0.001142,0.001066,0.001066,20150913,0.0,0.0
286,0.001081,0.001143,0.001074,0.001074,20150914,0.0,0.0
287,0.001171,0.001237,0.001076,0.001079,20150915,0.0,0.0
288,0.001164,0.001166,0.00107,0.001166,20150916,0.0,0.0
289,0.001182,0.001185,0.001096,0.001185,20150917,0.0,0.0
290,0.001096,0.00118,0.001096,0.00118,20150918,0.0,0.0
291,0.001114,0.001156,0.001091,0.001091,20150919,0.0,0.0
292,0.001098,0.001151,0.001098,0.001114,20150920,0.0,0.0
293,0.001077,0.001118,0.001075,0.001075,20150921,0.0,0.0
294,0.001095,0.001129,0.001095,0.001095,20150922,0.0,0.0
295,0.001083,0.001149,0.00108,0.001094,20150923,0.0,0.0
296,0.0009982,0.001115,0.0009958,0.001101,20150924,0.0,0.0
297,0.001069,0.001302,0.001001,0.001004,20150925,0.0,0.0
298,0.001078,0.001172,0.001054,0.001066,20150926,96.77,0.1043
299,0.001107,0.001107,0.001072,0.001072,20150927,0.0,0.0
300,0.001142,0.001144,0.001058,0.001137,20150928,0.0,0.0
301,0.001127,0.001131,0.001039,0.001131,20150929,0.0,0.0
302,0.001109,0.001123,0.0009956,0.001123,20150930,142.76,0.1583
303,0.0009932,0.001114,0.0009766,0.001114,20151001,0.0,0.0
304,0.0009823,0.001096,0.00098,0.0009918,20151002,99.6,0.09784
305,0.001105,0.001105,0.0009877,0.0009901,20151003,0.0,0.0
306,0.0008818,0.001103,0.000827,0.001103,20151004,0.0,0.0
307,0.0008093,0.001033,0.0008021,0.0008886,20151005,0.0,0.0
308,0.0008073,0.0009427,0.0008,0.0008295,20151006,283.67,0.229
309,0.0009087,0.001516,0.00078,0.000797,20151007,260.0,0.2363
310,0.0009097,0.0009679,0.0008272,0.0009072,20151008,0.0,0.0
311,0.0008029,0.0009274,0.0007956,0.0009151,20151009,0.0,0.0
312,0.0007434,0.0008538,0.000741,0.0008072,20151010,699.64,0.5201
313,0.0007652,0.0009906,0.000686,0.0007504,20151011,0.0,0.0
314,0.0007508,0.0008587,0.0007287,0.0007581,20151012,71594.0,53.75
315,0.0006941,0.0008085,0.0006866,0.0007613,20151013,9504.51,6.6
316,0.0007646,0.0008201,0.0006687,0.000704,20151014,25260.74,19.31
317,0.0007659,0.0008244,0.0007633,0.000771,20151015,103.15,0.079
318,0.0008149,0.0009463,0.000765,0.0007912,20151016,0.0,0.0
319,0.000957,0.000984,0.0008087,0.0008357,20151017,119.0,0.1139
320,0.0009472,0.0009577,0.0008138,0.0009289,20151018,0.0,0.0
321,0.0009735,0.0009761,0.0008785,0.000955,20151019,0.0,0.0
322,0.0009145,0.0009954,0.0009118,0.0009954,20151020,0.0,0.0
323,0.0009082,0.000983,0.0009028,0.0009055,20151021,45.98,0.04176
324,0.0009166,0.00101,0.0008644,0.000933,20151022,1324.51,1.21
325,0.0008723,0.0009249,0.0008723,0.0009249,20151023,552.6,0.482
326,0.0008929,0.001009,0.0008901,0.0008901,20151024,1747.46,1.56
327,0.0009327,0.0009355,0.0009039,0.0009096,20151025,0.0,0.0
328,0.000884,0.0009239,0.0008155,0.0009239,20151026,224.68,0.1986
329,0.0008486,0.0008722,0.0007867,0.0008427,20151027,0.0,0.0
330,0.0007922,0.0008772,0.0007922,0.0008742,20151028,514.0,0.4072
331,0.0007213,0.0008938,0.0007088,0.0008186,20151029,0.0,0.0
332,0.0007785,0.0008636,0.0007197,0.0007524,20151030,10332.72,8.04
333,0.0007283,0.0008248,0.0007003,0.0007408,20151031,0.0,0.0
334,0.0007557,0.0007912,0.0007557,0.0007557,20151101,0.0,0.0
335,0.0008407,0.001121,0.0008407,0.0008407,20151102,0.0,0.0
336,0.0009793,0.001023,0.0009278,0.0009278,20151103,0.0,0.0
337,0.000902,0.00101,0.0007457,0.0009902,20151104,280.58,0.2531
338,0.0008152,0.0008611,0.0008113,0.0008611,20151105,9203.53,7.5
339,0.000784,0.0007877,0.000784,0.0007877,20151106,0.0,0.0
340,0.0007625,0.0007625,0.0006547,0.0006662,20151107,914.05,0.697
341,0.0006056,0.0007357,0.0006056,0.0007357,20151108,0.0,0.0
342,0.000635,0.0007186,0.0006198,0.0006198,20151109,0.0,0.0
343,0.0005926,0.0006128,0.0005623,0.0005623,20151110,142.72,0.08458
344,0.0006064,0.0006094,0.0005089,0.0005363,20151111,12229.32,7.42
345,0.000651,0.0006644,0.0005642,0.0006644,20151112,0.0,0.0
346,0.0005841,0.0006509,0.0005707,0.0005707,20151113,156.0,0.09112
347,0.0005176,0.0006436,0.0005142,0.0005806,20151114,0.0,0.0
348,0.0004984,0.0005714,0.000492,0.0004952,20151115,0.0,0.0
349,0.0005581,0.0005581,0.0005184,0.0005184,20151116,0.0,0.0
350,0.0005276,0.0005643,0.0005242,0.0005643,20151117,12568.7,6.63
351,0.0005375,0.0005475,0.0005308,0.0005308,20151118,0.0,0.0
352,0.0005362,0.000611,0.00052,0.00052,20151119,0.0,0.0
353,0.0005459,0.0005941,0.0005298,0.0005298,20151120,884.11,0.4826
354,0.0006169,0.0007306,0.000552,0.000552,20151121,0.0,0.0
355,0.0009974,0.0009974,0.0006133,0.0006133,20151122,0.0,0.0
356,0.0006893,0.0009567,0.0006829,0.0006861,20151123,0.0,0.0
357,0.0006367,0.0008595,0.0006367,0.0006813,20151124,0.0,0.0
358,0.0006485,0.000655,0.0005961,0.000655,20151125,0.0,0.0
359,0.0006898,0.000803,0.0006367,0.0007004,20151126,0.0,0.0
360,0.0006507,0.000755,0.0006471,0.0007011,20151127,882.52,0.5743
361,0.0006405,0.0006512,0.0006405,0.0006441,20151128,242.0,0.155
362,0.0006453,0.0006749,0.0006453,0.0006675,20151129,0.0,0.0
363,0.000703,0.0007144,0.0006803,0.0006841,20151130,0.0,0.0
364,0.001082,0.001082,0.0006295,0.0006729,20151201,0.0,0.0
365,0.000648,0.001073,0.0006372,0.0009,20151202,0.0,0.0
366,0.0006486,0.0007567,0.0006486,0.0006486,20151203,0.0,0.0
367,0.0007559,0.0009042,0.0006582,0.0006582,20151204,0.0,0.0
368,0.0008082,0.0009745,0.0008082,0.0008082,20151205,0.0,0.0
369,0.0007592,0.001074,0.0007592,0.0008222,20151206,0.0,0.0
370,0.0007925,0.001025,0.000761,0.000761,20151207,0.0,0.0
371,0.001068,0.001096,0.0008213,0.0008254,20151208,160.52,0.1714
372,0.000832,0.001082,0.000832,0.001082,20151209,0.0,0.0
373,0.0008351,0.0009764,0.000831,0.000831,20151210,997.0,0.8326
374,0.0009042,0.001206,0.0008997,0.0009042,20151211,5011.3,4.53
375,0.0008689,0.001124,0.0008646,0.0008689,20151212,0.0,0.0
376,0.0008998,0.001017,0.0006738,0.0008737,20151213,0.0,0.0
377,0.0007072,0.0009149,0.0006851,0.0009149,20151214,12274.04,8.68
378,0.0007495,0.0009531,0.0007402,0.0007402,20151215,13725.99,10.29
379,0.0007491,0.0008807,0.0007309,0.0007354,20151216,7833.07,5.87
380,0.0007516,0.0009429,0.0007516,0.0007516,20151217,10897.73,8.19
381,0.0007967,0.0009588,0.0007689,0.0007781,20151218,5204.53,4.15
382,0.001245,0.001278,0.0007933,0.0007933,20151219,0.0,0.0
383,0.000804,0.001193,0.0007731,0.001193,20151220,706.04,0.5677
384,0.000792,0.0008971,0.000792,0.0007964,20151221,510.57,0.4044
385,0.0007954,0.0008741,0.000791,0.000791,20151222,1293.12,1.03
386,0.0008052,0.0009158,0.0008052,0.0008052,20151223,1093.91,0.8808
387,0.0008425,0.0009331,0.0008244,0.0008244,20151224,2314.8,1.95
388,0.0008264,0.0009353,0.0008264,0.0008445,20151225,348.85,0.2883
389,0.0007643,0.0008432,0.0007643,0.0008432,20151226,158.5,0.1211
390,0.0007772,0.0007772,0.0007772,0.0007772,20151227,0.0,0.0
391,0.0007887,0.0007887,0.0007887,0.0007887,20151228,65.4,0.05158
392,0.0007559,0.0008552,0.0007559,0.0008077,20151229,822.79,0.6219
393,0.0008329,0.0008329,0.0007475,0.0007475,20151230,0.0,0.0
394,0.0007524,0.0009029,0.0007524,0.0008384,20151231,0.0,0.0
395,0.0007508,0.0007812,0.0007421,0.0007595,20160101,0.0,0.0
396,0.0008111,0.0008154,0.0007503,0.0007503,20160102,637.17,0.5168
397,0.0007796,0.0008054,0.0007365,0.0008054,20160103,1483.63,1.16
398,0.0007583,0.0007886,0.0007583,0.00078,20160104,0.0,0.0
399,0.0007589,0.0007762,0.0007546,0.0007546,20160105,2988.26,2.27
400,0.0006979,0.0008616,0.0006893,0.0007582,20160106,0.0,0.0
401,0.0007907,0.0009141,0.0007404,0.0007404,20160107,557.45,0.4408
402,0.0007925,0.0009057,0.0007835,0.0007835,20160108,2026.44,1.61
403,0.001116,0.001116,0.0007801,0.0008966,20160109,1227.89,1.37
404,0.0007853,0.001111,0.0007808,0.001111,20160110,0.0,0.0
405,0.0008014,0.001231,0.000788,0.000788,20160111,0.0,0.0
406,0.0008189,0.0008189,0.0008055,0.0008055,20160112,5575.18,4.57
407,0.0008039,0.001193,0.0008039,0.000994,20160113,0.0,0.0
408,0.00115,0.00115,0.0009098,0.0009098,20160114,10187.04,11.72
409,0.0005844,0.0006254,0.0005547,0.0006254,20160115,2073.23,1.21
410,0.0005776,0.0006507,0.0005776,0.0006045,20160116,2757.17,1.59
411,0.0007611,0.0007611,0.0005737,0.0005737,20160117,18772.81,14.29
412,0.0006535,0.0008072,0.0005766,0.000765,20160118,13588.99,8.88
413,0.0005692,0.0006451,0.0005692,0.0006451,20160119,4218.48,2.4
414,0.0007131,0.0007131,0.0006219,0.0006219,20160120,5650.37,4.03
415,0.0006482,0.0007056,0.0006482,0.0007056,20160121,3302.0,2.14
416,0.0006543,0.0006696,0.0006046,0.0006046,20160122,8588.78,5.62
417,0.0007811,0.0008511,0.0006645,0.0006645,20160123,20001.13,15.62
418,0.0008083,0.0009249,0.0007721,0.0008083,20160124,3507.28,2.83
419,0.0007855,0.0007894,0.0007659,0.0007894,20160125,19734.4,15.5
420,0.000799,0.000799,0.0007796,0.0007796,20160126,2102.02,1.68
421,0.0008453,0.0008453,0.00079,0.0008098,20160127,17007.88,14.38
422,0.0007632,0.0008353,0.0007594,0.0008125,20160128,13961.87,10.66
423,0.0007872,0.0008024,0.0007454,0.0007644,20160129,25347.54,19.95
424,0.001114,0.001114,0.000782,0.000782,20160130,7984.52,8.89
425,0.001095,0.001095,0.001076,0.001091,20160131,2240.49,2.45
426,0.001187,0.001187,0.001027,0.001102,20160201,15119.6,17.95
427,0.001032,0.001193,0.001032,0.001193,20160202,3813.98,3.94
428,0.001174,0.001244,0.001016,0.001016,20160203,3228.2,3.79
429,0.001363,0.001363,0.001246,0.001246,20160204,2522.17,3.44
430,0.00121,0.00138,0.00121,0.001349,20160205,12607.83,15.26
431,0.001179,0.001416,0.001179,0.001179,20160206,4022.84,4.74
432,0.001277,0.001277,0.001115,0.001183,20160207,26428.04,33.75
433,0.001222,0.001487,0.0009577,0.001259,20160208,34269.54,41.88
434,0.001036,0.001603,0.001036,0.001231,20160209,24189.47,25.06
435,0.001558,0.001558,0.001054,0.001054,20160210,5062.71,7.89
436,0.001328,0.001548,0.001165,0.001548,20160211,3193.05,4.24
437,0.001648,0.001648,0.001344,0.001344,20160212,1846.5,3.04
438,0.001498,0.001674,0.001498,0.001674,20160213,1840.21,2.76
439,0.00174,0.00174,0.001557,0.001557,20160214,2214.86,3.85
440,0.001203,0.002001,0.001203,0.001721,20160215,2008.18,2.42
441,0.001219,0.002028,0.001219,0.001219,20160216,2128.62,2.59
442,0.002082,0.002082,0.001251,0.001251,20160217,1584.94,3.3
443,0.001079,0.002103,0.0008639,0.002103,20160218,7068.98,7.63
444,0.001663,0.001663,0.001075,0.001075,20160219,2593.96,4.31
445,0.001496,0.00176,0.001122,0.001743,20160220,10970.67,16.41
446,0.001055,0.001489,0.000994,0.001489,20160221,2698.04,2.85
447,0.001322,0.001488,0.001055,0.001055,20160222,11843.22,15.66
448,0.001268,0.001268,0.001067,0.001268,20160223,11561.02,14.66
449,0.001222,0.001437,0.001222,0.001277,20160224,2180.09,2.66
450,0.001292,0.001292,0.001224,0.001224,20160225,2422.31,3.13
451,0.001303,0.00144,0.001303,0.001303,20160226,2260.08,2.94
452,0.001419,0.001419,0.001315,0.001315,20160227,2222.59,3.15
453,0.001423,0.001423,0.001423,0.001423,20160228,2644.38,3.76
454,0.00133,0.001435,0.00133,0.001435,20160229,9734.83,12.95
455,0.001428,0.001428,0.001129,0.001324,20160301,13418.02,19.16
456,0.001399,0.001399,0.001399,0.001399,20160302,0.0,0.0
457,0.001376,0.00138,0.001082,0.00138,20160303,6644.6,9.14
458,0.001056,0.001343,0.001056,0.001343,20160304,5468.94,5.78
459,0.001309,0.001309,0.001029,0.001029,20160305,2284.73,2.99
460,0.001332,0.001332,0.001299,0.001332,20160306,5207.75,6.94
461,0.001361,0.001361,0.001328,0.001361,20160307,6497.1,8.84
462,0.001355,0.001355,0.001083,0.001351,20160308,5854.88,7.93
463,0.001226,0.001358,0.001069,0.001358,20160309,2609.21,3.2
464,0.002025,0.00205,0.001185,0.001235,20160310,6030.6,12.21
465,0.001836,0.002087,0.001752,0.002041,20160311,3294.09,6.05
466,0.003275,0.003275,0.001395,0.001797,20160312,6559.41,21.48
467,0.002734,0.005712,0.001819,0.003291,20160313,31996.33,87.48
468,0.004156,0.004814,0.002747,0.002747,20160314,4448.1,18.49
469,0.004429,0.005671,0.004027,0.004164,20160315,11883.51,52.63
470,0.003822,0.004438,0.002687,0.004438,20160316,5030.97,19.23
471,0.00345,0.003843,0.002969,0.003843,20160317,7559.58,26.08
472,0.003469,0.003469,0.003163,0.003367,20160318,10267.41,35.62
473,0.003478,0.003478,0.003474,0.003474,20160319,32902.68,114.44
474,0.003185,0.003671,0.003185,0.003502,20160320,1397.13,4.45
475,0.002833,0.003277,0.002627,0.003182,20160321,2429.2,6.88
476,0.002089,0.003296,0.002089,0.002868,20160322,2507.31,5.24
477,0.00281,0.00281,0.002093,0.002093,20160323,745.15,2.09
478,0.002488,0.00287,0.002488,0.002795,20160324,171.04,0.4255
479,0.003047,0.003197,0.002494,0.002494,20160325,1413.45,4.31
480,0.003053,0.003053,0.003053,0.003053,20160326,0.0,0.0
481,0.003112,0.003112,0.003112,0.003112,20160327,0.0,0.0
482,0.003095,0.003095,0.003095,0.003095,20160328,0.0,0.0
483,0.003042,0.003042,0.003042,0.003042,20160329,0.0,0.0
484,0.003023,0.003023,0.003023,0.003023,20160330,0.0,0.0
485,0.003047,0.003047,0.003047,0.003047,20160331,0.0,0.0
486,0.003047,0.003047,0.003047,0.003047,20160401,0.0,0.0
487,0.003068,0.003068,0.003068,0.003068,20160402,0.0,0.0
488,0.003072,0.003072,0.003072,0.003072,20160403,0.0,0.0
489,0.003074,0.003074,0.003074,0.003074,20160404,0.0,0.0
490,0.003094,0.003094,0.003094,0.003094,20160405,0.0,0.0
491,0.003088,0.003088,0.003088,0.003088,20160406,0.0,0.0
492,0.00308,0.00308,0.00308,0.00308,20160407,0.0,0.0
493,0.003062,0.003062,0.003062,0.003062,20160408,0.0,0.0
494,0.003064,0.003064,0.003064,0.003064,20160409,0.0,0.0
495,0.00308,0.00308,0.00308,0.00308,20160410,0.0,0.0
496,0.003089,0.003089,0.003089,0.003089,20160411,0.0,0.0
497,0.003113,0.003113,0.003113,0.003113,20160412,0.0,0.0
498,0.003104,0.003104,0.003104,0.003104,20160413,0.0,0.0
499,0.003108,0.003108,0.003108,0.003108,20160414,0.0,0.0
500,0.003142,0.003142,0.003142,0.003142,20160415,0.0,0.0
501,0.003152,0.003152,0.003152,0.003152,20160416,0.0,0.0
502,0.003124,0.003124,0.003124,0.003124,20160417,0.0,0.0
503,0.003135,0.003135,0.003135,0.003135,20160418,0.0,0.0
504,0.003188,0.003188,0.003188,0.003188,20160419,0.0,0.0
505,0.003234,0.003234,0.003234,0.003234,20160420,0.0,0.0
506,0.003294,0.003294,0.003294,0.003294,20160421,0.0,0.0
507,0.003264,0.003264,0.003264,0.003264,20160422,0.0,0.0
508,0.003299,0.003299,0.003299,0.003299,20160423,0.0,0.0
509,0.003354,0.003354,0.003354,0.003354,20160424,0.0,0.0
510,0.003384,0.003384,0.003384,0.003384,20160425,0.0,0.0
511,0.003416,0.003416,0.003416,0.003416,20160426,0.0,0.0
512,0.003277,0.003277,0.003277,0.003277,20160427,0.0,0.0
513,0.003287,0.003287,0.003287,0.003287,20160428,0.0,0.0
514,0.003335,0.003335,0.003335,0.003335,20160429,0.0,0.0
515,0.003288,0.003288,0.003288,0.003288,20160430,0.0,0.0
516,0.003315,0.003315,0.003315,0.003315,20160501,0.0,0.0
517,0.003256,0.003256,0.003256,0.003256,20160502,0.0,0.0
518,0.0033,0.0033,0.0033,0.0033,20160503,0.0,0.0
519,0.003268,0.003268,0.003268,0.003268,20160504,0.0,0.0
520,0.003284,0.003284,0.003284,0.003284,20160505,0.0,0.0
521,0.003369,0.003369,0.003369,0.003369,20160506,0.0,0.0
522,0.003361,0.003361,0.003361,0.003361,20160507,0.0,0.0
523,0.003356,0.003356,0.003356,0.003356,20160508,0.0,0.0
524,0.003375,0.003375,0.003375,0.003375,20160509,0.0,0.0
525,0.003294,0.003294,0.003294,0.003294,20160510,0.0,0.0
526,0.003317,0.003317,0.003317,0.003317,20160511,0.0,0.0
527,0.003331,0.003331,0.003331,0.003331,20160512,0.0,0.0
528,0.003338,0.003338,0.003338,0.003338,20160513,0.0,0.0
529,0.003346,0.003346,0.003346,0.003346,20160514,0.0,0.0
530,0.003358,0.003358,0.003358,0.003358,20160515,0.0,0.0
531,0.003334,0.003334,0.003334,0.003334,20160516,0.0,0.0
532,0.003322,0.003322,0.003322,0.003322,20160517,0.0,0.0
533,0.003329,0.003329,0.003329,0.003329,20160518,0.0,0.0
534,0.003245,0.003245,0.003245,0.003245,20160519,0.0,0.0
535,0.003241,0.003241,0.003241,0.003241,20160520,0.0,0.0
536,0.003252,0.003252,0.003252,0.003252,20160521,0.0,0.0
537,0.003222,0.003222,0.003222,0.003222,20160522,0.0,0.0
538,0.003252,0.003252,0.003252,0.003252,20160523,0.0,0.0
539,0.00327,0.00327,0.00327,0.00327,20160524,0.0,0.0
540,0.003297,0.003297,0.003297,0.003297,20160525,0.0,0.0
541,0.003323,0.003323,0.003323,0.003323,20160526,0.0,0.0
542,0.003475,0.003475,0.003475,0.003475,20160527,0.0,0.0
543,0.003843,0.003843,0.003843,0.003843,20160528,0.0,0.0
544,0.003783,0.003783,0.003783,0.003783,20160529,0.0,0.0
545,0.003901,0.003901,0.003901,0.003901,20160530,0.0,0.0
546,0.003877,0.003877,0.003877,0.003877,20160531,0.0,0.0
547,0.003939,0.003939,0.003939,0.003939,20160601,0.0,0.0
548,0.003937,0.003937,0.003937,0.003937,20160602,0.0,0.0
549,0.004156,0.004156,0.004156,0.004156,20160603,0.0,0.0
550,0.004192,0.004192,0.004192,0.004192,20160604,0.0,0.0
551,0.004214,0.004214,0.004214,0.004214,20160605,0.0,0.0
552,0.004278,0.004278,0.004278,0.004278,20160606,0.0,0.0
553,0.004219,0.004219,0.004219,0.004219,20160607,0.0,0.0
554,0.004255,0.004255,0.004255,0.004255,20160608,0.0,0.0
555,0.004212,0.004212,0.004212,0.004212,20160609,0.0,0.0
556,0.004236,0.004236,0.004236,0.004236,20160610,0.0,0.0
557,0.004336,0.004336,0.004336,0.004336,20160611,0.0,0.0
558,0.004886,0.004886,0.004886,0.004886,20160612,0.0,0.0
559,0.005132,0.005132,0.005132,0.005132,20160613,0.0,0.0
560,0.005022,0.005022,0.005022,0.005022,20160614,0.0,0.0
561,0.005063,0.005063,0.005063,0.005063,20160615,0.0,0.0
562,0.00558,0.00558,0.00558,0.00558,20160616,0.0,0.0
563,0.005453,0.005453,0.005453,0.005453,20160617,0.0,0.0
564,0.005525,0.005525,0.005525,0.005525,20160618,0.0,0.0
565,0.005578,0.005578,0.005578,0.005578,20160619,0.0,0.0
566,0.00538,0.00538,0.00538,0.00538,20160620,0.0,0.0
567,0.004892,0.004892,0.004892,0.004892,20160621,0.0,0.0
568,0.004329,0.004329,0.004329,0.004329,20160622,0.0,0.0
569,0.004551,0.004551,0.004551,0.004551,20160623,0.0,0.0
570,0.004815,0.004815,0.004815,0.004815,20160624,0.0,0.0
571,0.004864,0.004864,0.004864,0.004864,20160625,0.0,0.0
572,0.004584,0.004584,0.004584,0.004584,20160626,0.0,0.0
573,0.004725,0.004725,0.004725,0.004725,20160627,0.0,0.0
574,0.004727,0.004727,0.004727,0.004727,20160628,0.0,0.0
575,0.004666,0.004666,0.004666,0.004666,20160629,0.0,0.0
576,0.004911,0.004911,0.004911,0.004911,20160630,0.0,0.0
577,0.004945,0.004945,0.004945,0.004945,20160701,0.0,0.0
578,0.005117,0.005117,0.005117,0.005117,20160702,0.0,0.0
579,0.00485,0.00485,0.00485,0.00485,20160703,0.0,0.0
580,0.004949,0.004949,0.004949,0.004949,20160704,0.0,0.0
581,0.004865,0.004865,0.004865,0.004865,20160705,0.0,0.0
582,0.004931,0.004931,0.004931,0.004931,20160706,0.0,0.0
583,0.004656,0.004656,0.004656,0.004656,20160707,0.0,0.0
584,0.004858,0.004858,0.004858,0.004858,20160708,0.0,0.0
585,0.004778,0.004778,0.004778,0.004778,20160709,0.0,0.0
586,0.004743,0.004743,0.004743,0.004743,20160710,0.0,0.0
587,0.00474,0.00474,0.00474,0.00474,20160711,0.0,0.0
588,0.004915,0.004915,0.004915,0.004915,20160712,0.0,0.0
589,0.004846,0.004846,0.004846,0.004846,20160713,0.0,0.0
590,0.004818,0.004818,0.004818,0.004818,20160714,0.0,0.0
591,0.004869,0.004869,0.004869,0.004869,20160715,0.0,0.0
592,0.004843,0.004843,0.004843,0.004843,20160716,0.0,0.0
593,0.004957,0.004957,0.004957,0.004957,20160717,0.0,0.0
594,0.004914,0.004914,0.004914,0.004914,20160718,0.0,0.0
595,0.004919,0.004919,0.004919,0.004919,20160719,0.0,0.0
596,0.00487,0.00487,0.00487,0.00487,20160720,0.0,0.0
597,0.004872,0.004872,0.004872,0.004872,20160721,0.0,0.0
598,0.004773,0.004773,0.004773,0.004773,20160722,0.0,0.0
599,0.004802,0.004802,0.004802,0.004802,20160723,0.0,0.0
600,0.004833,0.004833,0.004833,0.004833,20160724,0.0,0.0
601,0.004794,0.004794,0.004794,0.004794,20160725,0.0,0.0
602,0.004797,0.004797,0.004797,0.004797,20160726,0.0,0.0
603,0.004798,0.004798,0.004798,0.004798,20160727,0.0,0.0
604,0.004795,0.004795,0.004795,0.004795,20160728,0.0,0.0
605,0.004804,0.004804,0.004804,0.004804,20160729,0.0,0.0
606,0.004799,0.004799,0.004799,0.004799,20160730,0.0,0.0
607,0.004558,0.004558,0.004558,0.004558,20160731,0.0,0.0
608,0.004449,0.004449,0.004449,0.004449,20160801,0.0,0.0
609,0.003763,0.003763,0.003763,0.003763,20160802,0.0,0.0
610,0.004152,0.004152,0.004152,0.004152,20160803,0.0,0.0
611,0.004224,0.004224,0.004224,0.004224,20160804,0.0,0.0
612,0.004212,0.004212,0.004212,0.004212,20160805,0.0,0.0
613,0.004299,0.004299,0.004299,0.004299,20160806,0.0,0.0
614,0.004331,0.004331,0.004331,0.004331,20160807,0.0,0.0
615,0.004319,0.004319,0.004319,0.004319,20160808,0.0,0.0
616,0.00429,0.00429,0.00429,0.00429,20160809,0.0,0.0
617,0.004332,0.004332,0.004332,0.004332,20160810,0.0,0.0
618,0.004309,0.004309,0.004309,0.004309,20160811,0.0,0.0
619,0.004304,0.004304,0.004304,0.004304,20160812,0.0,0.0
620,0.004285,0.004285,0.004285,0.004285,20160813,0.0,0.0
621,0.004171,0.004171,0.004171,0.004171,20160814,0.0,0.0
622,0.004156,0.004156,0.004156,0.004156,20160815,0.0,0.0
623,0.004253,0.004253,0.004253,0.004253,20160816,0.0,0.0
624,0.004195,0.004195,0.004195,0.004195,20160817,0.0,0.0
625,0.004203,0.004203,0.004203,0.004203,20160818,0.0,0.0
626,0.004212,0.004212,0.004212,0.004212,20160819,0.0,0.0
627,0.004271,0.004271,0.004271,0.004271,20160820,0.0,0.0
628,0.004256,0.004256,0.004256,0.004256,20160821,0.0,0.0
629,0.004306,0.004306,0.004306,0.004306,20160822,0.0,0.0
630,0.004277,0.004277,0.004277,0.004277,20160823,0.0,0.0
631,0.004249,0.004249,0.004249,0.004249,20160824,0.0,0.0
632,0.004236,0.004236,0.004236,0.004236,20160825,0.0,0.0
633,0.004247,0.004247,0.004247,0.004247,20160826,0.0,0.0
634,0.004181,0.004181,0.004181,0.004181,20160827,0.0,0.0
635,0.004215,0.004215,0.004215,0.004215,20160828,0.0,0.0
636,0.004209,0.004209,0.004209,0.004209,20160829,0.0,0.0
637,0.004232,0.004232,0.004232,0.004232,20160830,0.0,0.0
638,0.004207,0.004207,0.004207,0.004207,20160831,0.0,0.0
639,0.004193,0.004193,0.004193,0.004193,20160901,0.0,0.0
640,0.004217,0.004217,0.004217,0.004217,20160902,0.0,0.0
641,0.004389,0.004389,0.004389,0.004389,20160903,0.0,0.0
642,0.004468,0.004468,0.004468,0.004468,20160904,0.0,0.0
643,0.00444,0.00444,0.00444,0.00444,20160905,0.0,0.0
644,0.004475,0.004475,0.004475,0.004475,20160906,0.0,0.0
645,0.004495,0.004495,0.004495,0.004495,20160907,0.0,0.0
646,0.004585,0.004585,0.004585,0.004585,20160908,0.0,0.0
647,0.004568,0.004568,0.004568,0.004568,20160909,0.0,0.0
648,0.004578,0.004578,0.004578,0.004578,20160910,0.0,0.0
649,0.004439,0.004439,0.004439,0.004439,20160911,0.0,0.0
650,0.004456,0.004456,0.004456,0.004456,20160912,0.0,0.0
651,0.004461,0.004461,0.004461,0.004461,20160913,0.0,0.0
652,0.004468,0.004468,0.004468,0.004468,20160914,0.0,0.0
653,0.004457,0.004457,0.004457,0.004457,20160915,0.0,0.0
654,0.004455,0.004455,0.004455,0.004455,20160916,0.0,0.0
655,0.00445,0.00445,0.00445,0.00445,20160917,0.0,0.0
656,0.004476,0.004476,0.004476,0.004476,20160918,0.0,0.0
657,0.00447,0.00447,0.00447,0.00447,20160919,0.0,0.0
658,0.004466,0.004466,0.004466,0.004466,20160920,0.0,0.0
659,0.004377,0.004377,0.004377,0.004377,20160921,0.0,0.0
660,0.004366,0.004366,0.004366,0.004366,20160922,0.0,0.0
661,0.004419,0.004419,0.004419,0.004419,20160923,0.0,0.0
662,0.004417,0.004417,0.004417,0.004417,20160924,0.0,0.0
663,0.004409,0.004409,0.004409,0.004409,20160925,0.0,0.0
664,0.004446,0.004446,0.004446,0.004446,20160926,0.0,0.0
665,0.004438,0.004438,0.004438,0.004438,20160927,0.0,0.0
666,0.004432,0.004432,0.004432,0.004432,20160928,0.0,0.0
667,0.004432,0.004432,0.004432,0.004432,20160929,0.0,0.0
668,0.004458,0.004458,0.004458,0.004458,20160930,0.0,0.0
669,0.004496,0.004496,0.004496,0.004496,20161001,0.0,0.0
670,0.004476,0.004476,0.004476,0.004476,20161002,0.0,0.0
671,0.004483,0.004483,0.004483,0.004483,20161003,0.0,0.0
672,0.004464,0.004464,0.004464,0.004464,20161004,0.0,0.0
673,0.004485,0.004485,0.004485,0.004485,20161005,0.0,0.0
674,0.004478,0.004478,0.004478,0.004478,20161006,0.0,0.0
675,0.004515,0.004515,0.004515,0.004515,20161007,0.0,0.0
676,0.004527,0.004527,0.004527,0.004527,20161008,0.0,0.0
677,0.004514,0.004514,0.004514,0.004514,20161009,0.0,0.0
678,0.004525,0.004525,0.004525,0.004525,20161010,0.0,0.0
679,0.004694,0.004694,0.004694,0.004694,20161011,0.0,0.0
680,0.004662,0.004662,0.004662,0.004662,20161012,0.0,0.0
681,0.004659,0.004659,0.004659,0.004659,20161013,0.0,0.0
682,0.004676,0.004676,0.004676,0.004676,20161014,0.0,0.0
683,0.004669,0.004669,0.004669,0.004669,20161015,0.0,0.0
684,0.004692,0.004692,0.004692,0.004692,20161016,0.0,0.0
685,0.004672,0.004672,0.004672,0.004672,20161017,0.0,0.0
686,0.004657,0.004657,0.004657,0.004657,20161018,0.0,0.0
687,0.004611,0.004611,0.004611,0.004611,20161019,0.0,0.0
688,0.004606,0.004606,0.004606,0.004606,20161020,0.0,0.0
689,0.004621,0.004621,0.004621,0.004621,20161021,0.0,0.0
690,0.004805,0.004805,0.004805,0.004805,20161022,0.0,0.0
691,0.004787,0.004787,0.004787,0.004787,20161023,0.0,0.0
692,0.004768,0.004768,0.004768,0.004768,20161024,0.0,0.0
693,0.004772,0.004772,0.004772,0.004772,20161025,0.0,0.0
694,0.004945,0.004945,0.004945,0.004945,20161026,0.0,0.0
695,0.005001,0.005001,0.005001,0.005001,20161027,0.0,0.0
696,0.00503,0.00503,0.00503,0.00503,20161028,0.0,0.0
697,0.005241,0.005241,0.005241,0.005241,20161029,0.0,0.0
698,0.005111,0.005111,0.005111,0.005111,20161030,0.0,0.0
699,0.005121,0.005121,0.005121,0.005121,20161031,0.0,0.0
700,0.005327,0.005327,0.005327,0.005327,20161101,0.0,0.0
701,0.005377,0.005377,0.005377,0.005377,20161102,0.0,0.0
702,0.00502,0.00502,0.00502,0.00502,20161103,0.0,0.0
703,0.005146,0.005146,0.005146,0.005146,20161104,0.0,0.0
704,0.005146,0.005146,0.005146,0.005146,20161105,0.0,0.0
705,0.005204,0.005204,0.005204,0.005204,20161106,0.0,0.0
706,0.005171,0.005171,0.005171,0.005171,20161107,0.0,0.0
707,0.005211,0.005211,0.005211,0.005211,20161108,0.0,0.0
708,0.005288,0.005288,0.005288,0.005288,20161109,0.0,0.0
709,0.005238,0.005238,0.005238,0.005238,20161110,0.0,0.0
710,0.005241,0.005241,0.005241,0.005241,20161111,0.0,0.0
711,0.005162,0.005162,0.005162,0.005162,20161112,0.0,0.0
712,0.005145,0.005145,0.005145,0.005145,20161113,0.0,0.0
713,0.005164,0.005164,0.005164,0.005164,20161114,0.0,0.0
714,0.005212,0.005212,0.005212,0.005212,20161115,0.0,0.0
715,0.005426,0.005426,0.005426,0.005426,20161116,0.0,0.0
716,0.005406,0.005406,0.005406,0.005406,20161117,0.0,0.0
717,0.005475,0.005475,0.005475,0.005475,20161118,0.0,0.0
718,0.005482,0.005482,0.005482,0.005482,20161119,0.0,0.0
719,0.00534,0.00534,0.00534,0.00534,20161120,0.0,0.0
720,0.005396,0.005396,0.005396,0.005396,20161121,0.0,0.0
721,0.005493,0.005493,0.005493,0.005493,20161122,0.0,0.0
722,0.005432,0.005432,0.005432,0.005432,20161123,0.0,0.0
723,0.00539,0.00539,0.00539,0.00539,20161124,0.0,0.0
724,0.005427,0.005427,0.005427,0.005427,20161125,0.0,0.0
725,0.005381,0.005381,0.005381,0.005381,20161126,0.0,0.0
726,0.005347,0.005347,0.005347,0.005347,20161127,0.0,0.0
727,0.005375,0.005375,0.005375,0.005375,20161128,0.0,0.0
728,0.00537,0.00537,0.00537,0.00537,20161129,0.0,0.0
729,0.005442,0.005442,0.005442,0.005442,20161130,0.0,0.0
730,0.005517,0.005517,0.005517,0.005517,20161201,0.0,0.0
731,0.005651,0.005651,0.005651,0.005651,20161202,0.0,0.0
732,0.005602,0.005602,0.005602,0.005602,20161203,0.0,0.0
733,0.005618,0.005618,0.005618,0.005618,20161204,0.0,0.0
734,0.005529,0.005529,0.005529,0.005529,20161205,0.0,0.0
735,0.005558,0.005558,0.005558,0.005558,20161206,0.0,0.0
736,0.005612,0.005612,0.005612,0.005612,20161207,0.0,0.0
737,0.005633,0.005633,0.005633,0.005633,20161208,0.0,0.0
738,0.005648,0.005648,0.005648,0.005648,20161209,0.0,0.0
739,0.005673,0.005673,0.005673,0.005673,20161210,0.0,0.0
740,0.005629,0.005629,0.005629,0.005629,20161211,0.0,0.0
741,0.005706,0.005706,0.005706,0.005706,20161212,0.0,0.0
742,0.005708,0.005708,0.005708,0.005708,20161213,0.0,0.0
743,0.005692,0.005692,0.005692,0.005692,20161214,0.0,0.0
744,0.005682,0.005682,0.005682,0.005682,20161215,0.0,0.0
745,0.005732,0.005732,0.005732,0.005732,20161216,0.0,0.0
746,0.00577,0.00577,0.00577,0.00577,20161217,0.0,0.0
747,0.005783,0.005783,0.005783,0.005783,20161218,0.0,0.0
748,0.005789,0.005789,0.005789,0.005789,20161219,0.0,0.0
749,0.005857,0.005857,0.005857,0.005857,20161220,0.0,0.0
750,0.006078,0.006078,0.006078,0.006078,20161221,0.0,0.0
751,0.006305,0.006305,0.006305,0.006305,20161222,0.0,0.0
752,0.006723,0.006723,0.006723,0.006723,20161223,0.0,0.0
753,0.006532,0.006532,0.006532,0.006532,20161224,0.0,0.0
754,0.006532,0.006532,0.006532,0.006532,20161225,0.0,0.0
755,0.006585,0.006585,0.006585,0.006585,20161226,0.0,0.0
756,0.006786,0.006786,0.006786,0.006786,20161227,0.0,0.0
757,0.007126,0.007126,0.007126,0.007126,20161228,0.0,0.0
758,0.007118,0.007118,0.007118,0.007118,20161229,0.0,0.0
759,0.00703,0.00703,0.00703,0.00703,20161230,0.0,0.0
760,0.007062,0.007062,0.007062,0.007062,20161231,0.0,0.0
761,0.007297,0.007297,0.007297,0.007297,20170101,0.0,0.0
762,0.007455,0.007455,0.007455,0.007455,20170102,0.0,0.0
763,0.007574,0.007574,0.007574,0.007574,20170103,0.0,0.0
764,0.008323,0.008323,0.008323,0.008323,20170104,0.0,0.0
765,0.007252,0.007252,0.007252,0.007252,20170105,0.0,0.0
766,0.006496,0.006496,0.006496,0.006496,20170106,0.0,0.0
767,0.006515,0.006515,0.006515,0.006515,20170107,0.0,0.0
768,0.006603,0.006603,0.006603,0.006603,20170108,0.0,0.0
769,0.006595,0.006595,0.006595,0.006595,20170109,0.0,0.0
770,0.006629,0.006629,0.006629,0.006629,20170110,0.0,0.0
771,0.005757,0.005757,0.005757,0.005757,20170111,0.0,0.0
772,0.005938,0.005938,0.005938,0.005938,20170112,0.0,0.0
773,0.006046,0.006046,0.006046,0.006046,20170113,0.0,0.0
774,0.006008,0.006008,0.006008,0.006008,20170114,0.0,0.0
775,0.006019,0.006019,0.006019,0.006019,20170115,0.0,0.0
776,0.006064,0.006064,0.006064,0.006064,20170116,0.0,0.0
777,0.006595,0.006595,0.006595,0.006595,20170117,0.0,0.0
778,0.006392,0.006392,0.006392,0.006392,20170118,0.0,0.0
779,0.006562,0.006562,0.006562,0.006562,20170119,0.0,0.0
780,0.006545,0.006545,0.006545,0.006545,20170120,0.0,0.0
781,0.006742,0.006742,0.006742,0.006742,20170121,0.0,0.0
782,0.006735,0.006735,0.006735,0.006735,20170122,0.0,0.0
783,0.006754,0.006754,0.006754,0.006754,20170123,0.0,0.0
784,0.006551,0.006551,0.006551,0.006551,20170124,0.0,0.0
785,0.006556,0.006556,0.006556,0.006556,20170125,0.0,0.0
786,0.006711,0.006711,0.006711,0.006711,20170126,0.0,0.0
787,0.006729,0.006729,0.006729,0.006729,20170127,0.0,0.0
788,0.006733,0.006733,0.006733,0.006733,20170128,0.0,0.0
789,0.006704,0.006704,0.006704,0.006704,20170129,0.0,0.0
790,0.006749,0.006749,0.006749,0.006749,20170130,0.0,0.0
791,0.007077,0.007077,0.007077,0.007077,20170131,0.0,0.0
792,0.007201,0.007201,0.007201,0.007201,20170201,0.0,0.0
793,0.007359,0.007359,0.007359,0.007359,20170202,0.0,0.0
794,0.007425,0.007425,0.007425,0.007425,20170203,0.0,0.0
795,0.007563,0.007563,0.007563,0.007563,20170204,0.0,0.0
796,0.007448,0.007448,0.007448,0.007448,20170205,0.0,0.0
797,0.007511,0.007511,0.007511,0.007511,20170206,0.0,0.0
798,0.007693,0.007693,0.007693,0.007693,20170207,0.0,0.0
799,0.007737,0.007737,0.007737,0.007737,20170208,0.0,0.0
800,0.007176,0.007176,0.007176,0.007176,20170209,0.0,0.0
801,0.007312,0.007312,0.007312,0.007312,20170210,0.0,0.0
802,0.007391,0.007391,0.007391,0.007391,20170211,0.0,0.0
803,0.007304,0.007304,0.007304,0.007304,20170212,0.0,0.0
804,0.007296,0.007296,0.007296,0.007296,20170213,0.0,0.0
805,0.007391,0.007391,0.007391,0.007391,20170214,0.0,0.0
806,0.00739,0.00739,0.00739,0.00739,20170215,0.0,0.0
807,0.007564,0.007564,0.007564,0.007564,20170216,0.0,0.0
808,0.007692,0.007692,0.007692,0.007692,20170217,0.0,0.0
809,0.007713,0.007713,0.007713,0.007713,20170218,0.0,0.0
810,0.007688,0.007688,0.007688,0.007688,20170219,0.0,0.0
811,0.007899,0.007899,0.007899,0.007899,20170220,0.0,0.0
812,0.008202,0.008202,0.008202,0.008202,20170221,0.0,0.0
813,0.008213,0.008213,0.008213,0.008213,20170222,0.0,0.0
814,0.00859,0.00859,0.00859,0.00859,20170223,0.0,0.0
815,0.008624,0.008624,0.008624,0.008624,20170224,0.0,0.0
816,0.008423,0.008423,0.008423,0.008423,20170225,0.0,0.0
817,0.008588,0.008588,0.008588,0.008588,20170226,0.0,0.0
818,0.008714,0.008714,0.008714,0.008714,20170227,0.0,0.0
819,0.008717,0.008717,0.008717,0.008717,20170228,0.0,0.0
820,0.008962,0.008962,0.008962,0.008962,20170301,0.0,0.0
821,0.009203,0.009203,0.009203,0.009203,20170302,0.0,0.0
822,0.009407,0.009407,0.009407,0.009407,20170303,0.0,0.0
823,0.009267,0.009267,0.009267,0.009267,20170304,0.0,0.0
824,0.009318,0.009318,0.009318,0.009318,20170305,0.0,0.0
825,0.00936,0.00936,0.00936,0.00936,20170306,0.0,0.0
826,0.009036,0.009036,0.009036,0.009036,20170307,0.0,0.0
827,0.008407,0.008407,0.008407,0.008407,20170308,0.0,0.0
828,0.008732,0.008732,0.008732,0.008732,20170309,0.0,0.0
829,0.008154,0.008154,0.008154,0.008154,20170310,0.0,0.0
830,0.008644,0.008644,0.008644,0.008644,20170311,0.0,0.0
831,0.00898,0.00898,0.00898,0.00898,20170312,0.0,0.0
832,0.009076,0.009076,0.009076,0.009076,20170313,0.0,0.0
833,0.009112,0.009112,0.009112,0.009112,20170314,0.0,0.0
834,0.009188,0.009188,0.009188,0.009188,20170315,0.0,0.0
835,0.008597,0.008597,0.008597,0.008597,20170316,0.0,0.0
836,0.007856,0.007856,0.007856,0.007856,20170317,0.0,0.0
837,0.00712,0.00712,0.00712,0.00712,20170318,0.0,0.0
838,0.007496,0.007496,0.007496,0.007496,20170319,0.0,0.0
839,0.007678,0.007678,0.007678,0.007678,20170320,0.0,0.0
840,0.008219,0.008219,0.008219,0.008219,20170321,0.0,0.0
841,0.007658,0.007658,0.007658,0.007658,20170322,0.0,0.0
842,0.007587,0.007587,0.007587,0.007587,20170323,0.0,0.0
843,0.006888,0.006888,0.006888,0.006888,20170324,0.0,0.0
844,0.007083,0.007083,0.007083,0.007083,20170325,0.0,0.0
845,0.007106,0.007106,0.007106,0.007106,20170326,0.0,0.0
846,0.007661,0.007661,0.007661,0.007661,20170327,0.0,0.0
847,0.007656,0.007656,0.007656,0.007656,20170328,0.0,0.0
848,0.007637,0.007637,0.007637,0.007637,20170329,0.0,0.0
849,0.007608,0.007608,0.007608,0.007608,20170330,0.0,0.0
850,0.00791,0.00791,0.00791,0.00791,20170331,0.0,0.0
851,0.007961,0.007961,0.007961,0.007961,20170401,0.0,0.0
852,0.008044,0.008044,0.008044,0.008044,20170402,0.0,0.0
853,0.008412,0.008412,0.008412,0.008412,20170403,0.0,0.0
854,0.008369,0.008369,0.008369,0.008369,20170404,0.0,0.0
855,0.008282,0.008282,0.008282,0.008282,20170405,0.0,0.0
856,0.008713,0.008713,0.008713,0.008713,20170406,0.0,0.0
857,0.008726,0.008726,0.008726,0.008726,20170407,0.0,0.0
858,0.008655,0.008655,0.008655,0.008655,20170408,0.0,0.0
859,0.008828,0.008828,0.008828,0.008828,20170409,0.0,0.0
860,0.008845,0.008845,0.008845,0.008845,20170410,0.0,0.0
861,0.008948,0.008948,0.008948,0.008948,20170411,0.0,0.0
862,0.008888,0.008888,0.008888,0.008888,20170412,0.0,0.0
863,0.008622,0.008622,0.008622,0.008622,20170413,0.0,0.0
864,0.00863,0.00863,0.00863,0.00863,20170414,0.0,0.0
865,0.008627,0.008627,0.008627,0.008627,20170415,0.0,0.0
866,0.008626,0.008626,0.008626,0.008626,20170416,0.0,0.0
867,0.008752,0.008752,0.008752,0.008752,20170417,0.0,0.0
868,0.008841,0.008841,0.008841,0.008841,20170418,0.0,0.0
869,0.008907,0.008907,0.008907,0.008907,20170419,0.0,0.0
870,0.009075,0.009075,0.009075,0.009075,20170420,0.0,0.0
871,0.00916,0.00916,0.00916,0.00916,20170421,0.0,0.0
872,0.009096,0.009096,0.009096,0.009096,20170422,0.0,0.0
873,0.009156,0.009156,0.009156,0.009156,20170423,0.0,0.0
874,0.009149,0.009149,0.009149,0.009149,20170424,0.0,0.0
875,0.009267,0.009267,0.009267,0.009267,20170425,0.0,0.0
876,0.009431,0.009431,0.009431,0.009431,20170426,0.0,0.0
877,0.00977,0.00977,0.00977,0.00977,20170427,0.0,0.0
878,0.009746,0.009746,0.009746,0.009746,20170428,0.0,0.0
879,0.009795,0.009795,0.009795,0.009795,20170429,0.0,0.0
880,0.00991,0.00991,0.00991,0.00991,20170430,0.0,0.0
881,0.01038,0.01038,0.01038,0.01038,20170501,0.0,0.0
882,0.0106,0.0106,0.0106,0.0106,20170502,0.0,0.0
883,0.01089,0.01089,0.01089,0.01089,20170503,0.0,0.0
884,0.01112,0.01112,0.01112,0.01112,20170504,0.0,0.0
885,0.01105,0.01105,0.01105,0.01105,20170505,0.0,0.0
886,0.01133,0.01133,0.01133,0.01133,20170506,0.0,0.0
887,0.01139,0.01139,0.01139,0.01139,20170507,0.0,0.0
888,0.0122,0.0122,0.0122,0.0122,20170508,0.0,0.0
889,0.01244,0.01244,0.01244,0.01244,20170509,0.0,0.0
890,0.01284,0.01284,0.01284,0.01284,20170510,0.0,0.0
891,0.01334,0.01334,0.01334,0.01334,20170511,0.0,0.0
892,0.01236,0.01236,0.01236,0.01236,20170512,0.0,0.0
893,0.01293,0.01293,0.01293,0.01293,20170513,0.0,0.0
894,0.01299,0.01299,0.01299,0.01299,20170514,0.0,0.0
895,0.01253,0.01253,0.01253,0.01253,20170515,0.0,0.0
896,0.01268,0.01268,0.01268,0.01268,20170516,0.0,0.0
897,0.0132,0.0132,0.0132,0.0132,20170517,0.0,0.0
898,0.01379,0.01379,0.01379,0.01379,20170518,0.0,0.0
899,0.01438,0.01438,0.01438,0.01438,20170519,0.0,0.0
900,0.01495,0.01495,0.01495,0.01495,20170520,0.0,0.0
901,0.01498,0.01498,0.01498,0.01498,20170521,0.0,0.0
902,0.01557,0.01557,0.01557,0.01557,20170522,0.0,0.0
903,0.01666,0.01666,0.01666,0.01666,20170523,0.0,0.0
904,0.01792,0.01792,0.01792,0.01792,20170524,0.0,0.0
905,0.01691,0.01691,0.01691,0.01691,20170525,0.0,0.0
906,0.003233,0.003996,0.003233,0.003996,20170526,1187.24,3.84
907,0.003653,0.003694,0.002955,0.002955,20170527,312.58,1.14
908,0.002758,0.003918,0.002758,0.003896,20170528,5260.83,14.51
909,0.003691,0.003873,0.002871,0.002871,20170529,467.92,1.73
910,0.003508,0.003552,0.003508,0.003552,20170530,2142.97,7.52
911,0.003847,0.003847,0.003685,0.003685,20170531,1288.11,4.96
912,0.003981,0.004029,0.003981,0.004029,20170601,86.55,0.3446
913,0.004113,0.004113,0.004013,0.004013,20170602,248.54,1.02
914,0.003105,0.004531,0.003105,0.0042,20170603,14180.05,44.03
915,0.00371,0.004064,0.003079,0.003079,20170604,1572.69,5.83
916,0.004571,0.004598,0.003976,0.003976,20170605,567.0,2.59
917,0.004306,0.004851,0.003617,0.004851,20170606,4363.94,18.79
918,0.004037,0.004037,0.004037,0.004037,20170607,766.59,3.09
919,0.004198,0.004198,0.003415,0.004198,20170608,30338.19,127.36
920,0.005651,0.006045,0.004217,0.004217,20170609,19667.46,111.14
921,0.005801,0.006265,0.005307,0.00583,20170610,1460.21,8.47
922,0.006393,0.006452,0.005709,0.005947,20170611,871.41,5.57
923,0.005765,0.005765,0.005712,0.005712,20170612,6.94,0.04001
924,0.006918,0.008193,0.005182,0.005887,20170613,3158.17,21.85
925,0.004589,0.006292,0.004589,0.006292,20170614,2125.59,9.75
926,0.005202,0.005202,0.004543,0.004543,20170615,1316.13,6.85
927,0.004741,0.005343,0.004741,0.005343,20170616,625.38,2.96
928,0.004992,0.005018,0.004992,0.005018,20170617,409.33,2.04
929,0.0048,0.0048,0.004774,0.004774,20170618,134.92,0.6476
930,0.004763,0.004946,0.004632,0.004946,20170619,1694.94,8.07
931,0.004903,0.005068,0.004848,0.005013,20170620,615.84,3.02
932,0.00498,0.005195,0.004766,0.004766,20170621,309.4,1.54
933,0.006099,0.006317,0.005064,0.005064,20170622,56.5,0.3446
934,0.00515,0.006071,0.00515,0.006071,20170623,2687.69,13.84
935,0.005076,0.005154,0.004921,0.004921,20170624,528.8,2.68
936,0.004778,0.005083,0.004524,0.004982,20170625,481.11,2.3
937,0.004599,0.004599,0.004599,0.004599,20170626,15206.85,69.94
938,0.004806,0.004883,0.004806,0.004857,20170627,3184.01,15.3
939,0.004537,0.004795,0.004537,0.004795,20170628,15509.03,70.36
940,0.004503,0.004503,0.004503,0.004503,20170629,2425.01,10.92
941,0.004366,0.004391,0.004366,0.004366,20170630,25457.4,111.15
942,0.004752,0.004752,0.004267,0.004267,20170701,1052.2,5.0
943,0.005022,0.005022,0.004971,0.004971,20170702,2.58,0.01296
944,0.004759,0.005093,0.004656,0.005093,20170703,34.87,0.1659
945,0.00513,0.007067,0.004842,0.004842,20170704,3366.44,17.27
946,0.005151,0.005151,0.005151,0.005151,20170705,0.0,0.0
947,0.005751,0.006379,0.005124,0.005124,20170706,860.76,4.95
948,0.005531,0.005531,0.005531,0.005531,20170707,3.0,0.01659
949,0.009054,0.01049,0.005643,0.005643,20170708,5265.73,47.68
950,0.007032,0.008865,0.006856,0.008865,20170709,870.46,6.12
951,0.006001,0.006563,0.006001,0.006563,20170710,50.0,0.3001
952,0.006508,0.006508,0.00595,0.00595,20170711,4.0,0.02603
953,0.00608,0.006729,0.00608,0.006729,20170712,5212.38,31.69
954,0.006851,0.007182,0.005977,0.005977,20170713,6765.75,46.35
955,0.006479,0.007484,0.006457,0.006479,20170714,4801.91,31.11
956,0.005747,0.005747,0.005688,0.005728,20170715,770.1,4.43
957,0.005398,0.00557,0.005379,0.00557,20170716,1010.19,5.45
958,0.006298,0.006298,0.00603,0.006298,20170717,1536.46,9.68
959,0.007053,0.007378,0.006543,0.006543,20170718,1905.63,13.44
960,0.00719,0.007578,0.006939,0.006939,20170719,848.23,6.1
961,0.008655,0.009028,0.008168,0.009028,20170720,1873.33,16.21
962,0.007918,0.008881,0.007677,0.008079,20170721,1713.26,13.57
963,0.008226,0.008396,0.008084,0.008396,20170722,3136.05,25.8
964,0.008794,0.008794,0.007608,0.007994,20170723,1463.14,12.87
965,0.007461,0.008815,0.007461,0.008815,20170724,250.0,1.87
966,0.007154,0.007154,0.006973,0.006973,20170725,48.71,0.3485
967,0.007063,0.007089,0.006987,0.007089,20170726,417.58,2.95
968,0.00743,0.00743,0.00743,0.00743,20170727,0.0,0.0
969,0.007298,0.007747,0.007298,0.007747,20170728,2228.53,16.26
970,0.007353,0.007353,0.005412,0.007107,20170729,85.29,0.6271
971,0.005533,0.007442,0.005533,0.007442,20170730,226.75,1.25
972,0.005824,0.005824,0.005767,0.005767,20170731,4975.12,28.98
973,0.005549,0.005604,0.005549,0.005549,20170801,2145.21,11.9
974,0.00555,0.00555,0.005495,0.005495,20170802,25.0,0.1388
975,0.005732,0.005732,0.004946,0.005732,20170803,2243.54,12.86
976,0.005872,0.005872,0.005872,0.005872,20170804,0.0,0.0
977,0.005808,0.006656,0.005808,0.006656,20170805,3911.02,22.72
978,0.005785,0.005785,0.005753,0.005753,20170806,3519.11,20.36
979,0.006157,0.006157,0.006055,0.006089,20170807,1853.5,11.41
980,0.006036,0.006207,0.006036,0.006207,20170808,1316.57,7.95
981,0.007468,0.007468,0.005693,0.005894,20170809,1055.74,7.88
982,0.005824,0.007502,0.004693,0.005824,20170810,1465.77,8.54
983,0.006212,0.006212,0.006212,0.006212,20170811,0.0,0.0
984,0.006582,0.006582,0.006582,0.006582,20170812,137.57,0.9055
985,0.005647,0.006988,0.005606,0.006906,20170813,357.48,2.02
986,0.006449,0.006449,0.006016,0.006016,20170814,42.0,0.2709
987,0.006201,0.006201,0.006201,0.006201,20170815,0.0,0.0
988,0.006537,0.006537,0.006537,0.006537,20170816,0.0,0.0
989,0.007488,0.007488,0.006376,0.006376,20170817,97.57,0.7306
990,0.005953,0.007184,0.005953,0.007184,20170818,68.97,0.4106
991,0.006018,0.006018,0.006018,0.006018,20170819,0.0,0.0
992,0.005897,0.005897,0.005693,0.005897,20170820,372.85,2.2
993,0.005807,0.005807,0.005807,0.005807,20170821,0.0,0.0
994,0.00593,0.00593,0.00593,0.00593,20170822,0.0,0.0
995,0.006005,0.006005,0.006005,0.006005,20170823,0.0,0.0
996,0.008075,0.008075,0.008075,0.008075,20170824,41.67,0.3365
997,0.009034,0.009034,0.008161,0.008161,20170825,1486.65,13.43
998,0.007573,0.009009,0.006441,0.009009,20170826,1527.31,11.57
999,0.007562,0.007562,0.007562,0.007562,20170827,0.0,0.0
1000,0.006498,0.007639,0.006498,0.007639,20170828,1970.98,12.81
1001,0.007494,0.007953,0.006804,0.006804,20170829,1348.04,10.1
1002,0.007883,0.007883,0.00637,0.00747,20170830,971.3,7.66
1003,0.007197,0.008144,0.007197,0.008144,20170831,34.1,0.2454
1004,0.008072,0.008072,0.007481,0.007481,20170901,91.99,0.7425
1005,0.008736,0.008736,0.008324,0.008324,20170902,446.1,3.9
1006,0.009272,0.009272,0.008811,0.008811,20170903,25.37,0.2352
1007,0.008578,0.009474,0.008578,0.008578,20170904,501.07,4.3
1008,0.008818,0.008862,0.008818,0.008862,20170905,428.61,3.78
1009,0.008498,0.009237,0.007713,0.009237,20170906,1218.58,10.36
1010,0.00853,0.00853,0.00853,0.00853,20170907,0.0,0.0
1011,0.007961,0.007961,0.007961,0.007961,20170908,0.0,0.0
1012,0.007977,0.007977,0.007977,0.007977,20170909,0.0,0.0
1013,0.006539,0.006539,0.006539,0.006539,20170910,70.47,0.4608
1014,0.006496,0.006496,0.006496,0.006496,20170911,0.0,0.0
1015,0.005032,0.006405,0.005032,0.006405,20170912,4000.0,20.13
1016,0.004683,0.004683,0.004683,0.004683,20170913,0.0,0.0
1017,0.005286,0.005286,0.005286,0.005286,20170914,61.35,0.3243
1018,0.006053,0.006053,0.006053,0.006053,20170915,0.0,0.0
1019,0.005252,0.005252,0.005252,0.005252,20170916,354.57,1.86
1020,0.005239,0.005239,0.005239,0.005239,20170917,0.0,0.0
1021,0.00697,0.00697,0.005822,0.005822,20170918,328.82,2.29
1022,0.006644,0.006644,0.006644,0.006644,20170919,0.0,0.0
1023,0.006328,0.0066,0.006328,0.0066,20170920,141.85,0.8976
1024,0.005896,0.005896,0.005896,0.005896,20170921,0.0,0.0
1025,0.005869,0.005869,0.005869,0.005869,20170922,0.0,0.0
1026,0.006781,0.006781,0.006174,0.006174,20170923,552.78,3.75
1027,0.005355,0.006565,0.005355,0.006565,20170924,274.62,1.47
1028,0.007394,0.007394,0.005742,0.005742,20170925,428.4,3.17
1029,0.006695,0.007591,0.006695,0.007318,20170926,809.84,5.42
1030,0.007456,0.007498,0.007245,0.007245,20170927,92.2,0.6874
1031,0.007972,0.008307,0.006713,0.007426,20170928,151.52,1.21
1032,0.00676,0.007928,0.00676,0.007928,20170929,284.74,1.92
1033,0.007195,0.007195,0.006454,0.007064,20170930,1387.22,9.98
1034,0.007221,0.007265,0.007221,0.007265,20171001,31.22,0.2254
1035,0.008803,0.008803,0.007218,0.007218,20171002,632.94,5.57
1036,0.007075,0.008628,0.007075,0.008628,20171003,6000.0,42.45
1037,0.006919,0.006919,0.006919,0.006919,20171004,0.0,0.0
1038,0.007087,0.007087,0.007087,0.007087,20171005,785.56,5.57
1039,0.00717,0.00717,0.00717,0.00717,20171006,0.0,0.0
1040,0.007275,0.007275,0.007275,0.007275,20171007,839.0,6.1
1041,0.007563,0.007563,0.007563,0.007563,20171008,0.0,0.0
1042,0.007835,0.007835,0.007835,0.007835,20171009,578.06,4.53
1043,0.007812,0.007812,0.007812,0.007812,20171010,0.0,0.0
1044,0.007912,0.007912,0.007912,0.007912,20171011,0.0,0.0
1045,0.01005,0.01005,0.009398,0.009398,20171012,483.83,4.86
1046,0.009245,0.01043,0.009245,0.01043,20171013,581.28,5.37
1047,0.009553,0.009553,0.009553,0.009553,20171014,2910.0,27.8
1048,0.009329,0.009329,0.009329,0.009329,20171015,493.9,4.61
1049,0.009445,0.009445,0.009445,0.009445,20171016,0.0,0.0
1050,0.00851,0.00851,0.00851,0.00851,20171017,226.01,1.92
1051,0.008475,0.008475,0.008475,0.008475,20171018,0.0,0.0
1052,0.009232,0.009232,0.009232,0.009232,20171019,31.48,0.2906
1053,0.009709,0.009709,0.009709,0.009709,20171020,0.0,0.0
1054,0.009731,0.009731,0.009731,0.009731,20171021,0.0,0.0
1055,0.009632,0.009632,0.005983,0.009034,20171022,22221.41,214.04
1056,0.009505,0.009505,0.009505,0.009505,20171023,0.0,0.0
1057,0.004741,0.008876,0.004741,0.008876,20171024,4160.59,19.73
1058,0.00734,0.00734,0.004931,0.004931,20171025,2205.11,16.19
1059,0.007536,0.007536,0.007536,0.007536,20171026,0.0,0.0
1060,0.007379,0.007379,0.007379,0.007379,20171027,0.0,0.0
1061,0.00733,0.00733,0.00733,0.00733,20171028,0.0,0.0
1062,0.007869,0.007869,0.007869,0.007869,20171029,0.0,0.0
1063,0.007839,0.007839,0.007839,0.007839,20171030,0.0,0.0
1064,0.008258,0.008258,0.008258,0.008258,20171031,0.0,0.0
1065,0.008624,0.008624,0.008624,0.008624,20171101,0.0,0.0
1066,0.00281,0.008992,0.00281,0.008992,20171102,883.17,2.48
1067,0.002861,0.002861,0.002861,0.002861,20171103,0.0,0.0
1068,0.002946,0.002946,0.002946,0.002946,20171104,0.0,0.0
1069,0.006577,0.006577,0.006577,0.006577,20171105,67.28,0.4425
1070,0.006194,0.006194,0.006194,0.006194,20171106,0.0,0.0
1071,0.006321,0.006321,0.006321,0.006321,20171107,0.0,0.0
1072,0.006625,0.006625,0.006625,0.006625,20171108,0.0,0.0
1073,0.002994,0.002994,0.002994,0.002994,20171109,7290.83,21.83
1074,0.004859,0.004859,0.004859,0.004859,20171110,474.08,2.3
1075,0.004945,0.004945,0.004945,0.004945,20171111,64.17,0.3173
1076,0.004585,0.004585,0.004585,0.004585,20171112,0.0,0.0
1077,0.005283,0.005283,0.004631,0.005283,20171113,1538.41,8.13
1078,0.005344,0.005344,0.005344,0.005344,20171114,0.0,0.0
1079,0.005899,0.005899,0.005899,0.005899,20171115,0.0,0.0
1080,0.006361,0.006361,0.006361,0.006361,20171116,0.0,0.0
1081,0.006237,0.006237,0.006237,0.006237,20171117,0.0,0.0
1082,0.006303,0.006303,0.006303,0.006303,20171118,0.0,0.0
1083,0.005389,0.005389,0.005389,0.005389,20171119,3170.42,17.09
1084,0.005524,0.005524,0.005524,0.005524,20171120,0.0,0.0
1085,0.006237,0.006237,0.006237,0.006237,20171121,3021.43,18.84
1086,0.00667,0.00667,0.006341,0.006341,20171122,4267.76,28.47
1087,0.005609,0.01515,0.004087,0.006491,20171123,40156.83,225.24
1088,0.0155,0.0155,0.005659,0.005741,20171124,2430.66,37.68
1089,0.0141,0.01655,0.007004,0.01655,20171125,1560.98,22.01
1090,0.01072,0.015,0.008014,0.015,20171126,36432.79,390.56
1091,0.01119,0.01119,0.01119,0.01119,20171127,0.0,0.0
1092,0.01139,0.01139,0.01139,0.01139,20171128,0.0,0.0
1093,0.007575,0.009838,0.007575,0.009248,20171129,5241.07,39.7
1094,0.007758,0.007758,0.004874,0.007758,20171130,6771.91,52.54
1095,0.006734,0.008472,0.005322,0.008472,20171201,2179.38,14.68
1096,0.006548,0.006657,0.005347,0.005893,20171202,4948.95,32.41
1097,0.005511,0.01102,0.005286,0.006748,20171203,20796.55,114.61
1098,0.006974,0.006974,0.005696,0.005696,20171204,1003.35,7.0
1099,0.005834,0.005834,0.005834,0.005834,20171205,5440.21,31.74
1100,0.00495,0.005637,0.00495,0.005637,20171206,13100.01,64.85
1101,0.006066,0.006066,0.006066,0.006066,20171207,0.0,0.0
1102,0.005777,0.005777,0.005777,0.005777,20171208,0.0,0.0
1103,0.005344,0.005344,0.005344,0.005344,20171209,0.0,0.0
1104,0.005421,0.005421,0.005421,0.005421,20171210,0.0,0.0
1105,0.006024,0.006024,0.006024,0.006024,20171211,0.0,0.0
1106,0.01213,0.01213,0.00615,0.00615,20171212,1428.07,17.32
1107,0.01156,0.01156,0.01156,0.01156,20171213,0.0,0.0
1108,0.01235,0.01317,0.01169,0.01169,20171214,5625.01,69.47
1109,0.0132,0.0132,0.0132,0.0132,20171215,0.0,0.0
1110,0.01451,0.01451,0.01451,0.01451,20171216,0.0,0.0
1111,0.01678,0.01678,0.00877,0.0143,20171217,11915.33,199.94
1112,0.0167,0.0167,0.0167,0.0167,20171218,622.27,10.39
1113,0.01542,0.01542,0.01542,0.01542,20171219,0.0,0.0
1114,0.01449,0.01449,0.01449,0.01449,20171220,0.0,0.0
1115,0.01407,0.01407,0.01376,0.01376,20171221,4043.13,56.89
1116,0.0123,0.0123,0.01203,0.01203,20171222,1086.26,13.36
1117,0.01296,0.01296,0.01296,0.01296,20171223,0.0,0.0
1118,0.01379,0.01379,0.01241,0.01241,20171224,2259.86,31.16
1119,0.0231,0.0231,0.01383,0.01383,20171225,3087.45,71.32
1120,0.02915,0.02915,0.01639,0.02631,20171226,2430.3,70.84
1121,0.02821,0.02821,0.01773,0.02698,20171227,8800.59,248.26
1122,0.02232,0.02635,0.0167,0.02635,20171228,23679.26,528.52
1123,0.02159,0.02231,0.02073,0.02231,20171229,783.17,16.91
1124,0.0416,0.04173,0.0188,0.0188,20171230,104942.11,4365.59
1125,0.04598,0.04598,0.04598,0.04598,20171231,0.0,0.0
1126,0.8053,1.14,0.05902,0.05902,20180101,488341.46,393261.38
1127,0.2567,1.0,0.1844,0.9148,20180102,736741.95,189121.66
1128,0.197,0.2645,0.1523,0.2637,20180103,106897.53,21058.81
1129,0.1533,0.2124,0.136,0.1973,20180104,34948.92,5357.67
1130,0.1407,0.1734,0.105,0.1712,20180105,29334.36,4127.34
1131,0.1152,0.1425,0.1063,0.1425,20180106,28016.33,3227.48
1132,0.1897,0.1897,0.1089,0.1089,20180107,25088.64,4759.32
1133,0.1195,0.1751,0.1168,0.1751,20180108,26101.7,3119.15
1134,0.1592,0.1592,0.1131,0.1155,20180109,43434.69,6914.8
1135,0.1329,0.1641,0.1268,0.1634,20180110,37764.19,5018.86
1136,0.1262,0.1267,0.1065,0.1186,20180111,16632.15,2098.98
1137,0.1203,0.1513,0.112,0.1312,20180112,26208.54,3152.89
1138,0.1357,0.2598,0.1238,0.1238,20180113,166822.04,22637.75
1139,0.1433,0.1581,0.1193,0.13,20180114,23509.27,3368.88
1140,0.1354,0.2034,0.116,0.1433,20180115,70280.65,9516.0
1141,0.112,0.112,0.112,0.112,20180116,0.0,0.0
1142,0.1108,0.1108,0.1108,0.1108,20180117,0.0,0.0
1143,0.111,0.111,0.111,0.111,20180118,0.0,0.0
1144,0.1144,0.1144,0.1144,0.1144,20180119,0.0,0.0
1145,0.1269,0.1269,0.1269,0.1269,20180120,0.0,0.0
1146,0.1147,0.1147,0.1147,0.1147,20180121,0.0,0.0
1147,0.1074,0.1074,0.1074,0.1074,20180122,0.0,0.0
1148,0.1078,0.1078,0.1078,0.1078,20180123,0.0,0.0
1149,0.1135,0.1135,0.1135,0.1135,20180124,0.0,0.0
1150,0.111,0.111,0.111,0.111,20180125,0.0,0.0
1151,0.1103,0.1103,0.1103,0.1103,20180126,0.0,0.0
1152,0.1138,0.1138,0.1138,0.1138,20180127,0.0,0.0
1153,0.1169,0.1169,0.1169,0.1169,20180128,0.0,0.0
1154,0.1116,0.1116,0.1116,0.1116,20180129,0.0,0.0
1155,0.1004,0.1004,0.1004,0.1004,20180130,0.0,0.0
1156,0.1016,0.1016,0.1016,0.1016,20180131,0.0,0.0
1157,0.09051,0.09051,0.09051,0.09051,20180201,0.0,0.0
1158,0.08809,0.08809,0.08809,0.08809,20180202,0.0,0.0
1159,0.09187,0.09187,0.09187,0.09187,20180203,0.0,0.0
1160,0.08161,0.08161,0.08161,0.08161,20180204,0.0,0.0
1161,0.06889,0.06889,0.06889,0.06889,20180205,0.0,0.0
1162,0.07647,0.07647,0.07647,0.07647,20180206,0.0,0.0
1163,0.0754,0.0754,0.0754,0.0754,20180207,0.0,0.0
1164,0.08203,0.08203,0.08203,0.08203,20180208,0.0,0.0
1165,0.08636,0.08636,0.08636,0.08636,20180209,0.0,0.0
1166,0.08509,0.08509,0.08509,0.08509,20180210,0.0,0.0
1167,0.08028,0.08028,0.08028,0.08028,20180211,0.0,0.0
1168,0.08849,0.08849,0.08849,0.08849,20180212,0.0,0.0
1169,0.08485,0.08485,0.08485,0.08485,20180213,0.0,0.0
1170,0.09419,0.09419,0.09419,0.09419,20180214,0.0,0.0
1171,0.09964,0.09964,0.09964,0.09964,20180215,0.0,0.0
1172,0.1012,0.1012,0.1012,0.1012,20180216,0.0,0.0
1173,0.1102,0.1102,0.1102,0.1102,20180217,0.0,0.0
1174,0.1034,0.1034,0.1034,0.1034,20180218,0.0,0.0
1175,0.111,0.111,0.111,0.111,20180219,0.0,0.0
1176,0.1118,0.1118,0.1118,0.1118,20180220,0.0,0.0
1177,0.1041,0.1041,0.1041,0.1041,20180221,0.0,0.0
1178,0.09779,0.09779,0.09779,0.09779,20180222,0.0,0.0
1179,0.101,0.101,0.101,0.101,20180223,0.0,0.0
1180,0.09638,0.09638,0.09638,0.09638,20180224,0.0,0.0
1181,0.09543,0.09543,0.09543,0.09543,20180225,0.0,0.0
1182,0.1025,0.1025,0.1025,0.1025,20180226,0.0,0.0
1183,0.1052,0.1052,0.1052,0.1052,20180227,0.0,0.0
1184,0.1026,0.1026,0.1026,0.1026,20180228,0.0,0.0
1185,0.1085,0.1085,0.1085,0.1085,20180301,0.0,0.0
1186,0.1097,0.1097,0.1097,0.1097,20180302,0.0,0.0
1187,0.1139,0.1139,0.1139,0.1139,20180303,0.0,0.0
1188,0.1142,0.1142,0.1142,0.1142,20180304,0.0,0.0
1189,0.1136,0.1136,0.1136,0.1136,20180305,0.0,0.0
1190,0.1066,0.1066,0.1066,0.1066,20180306,0.0,0.0
1191,0.09859,0.09859,0.09859,0.09859,20180307,0.0,0.0
1192,0.09252,0.09252,0.09252,0.09252,20180308,0.0,0.0
1193,0.09188,0.09188,0.09188,0.09188,20180309,0.0,0.0
1194,0.08736,0.08736,0.08736,0.08736,20180310,0.0,0.0
1195,0.09478,0.09478,0.09478,0.09478,20180311,0.0,0.0
1196,0.09078,0.09078,0.09078,0.09078,20180312,0.0,0.0
1197,0.09096,0.09096,0.09096,0.09096,20180313,0.0,0.0
1198,0.0816,0.0816,0.0816,0.0816,20180314,0.0,0.0
1199,0.08211,0.08211,0.08211,0.08211,20180315,0.0,0.0
1200,0.08225,0.08225,0.08225,0.08225,20180316,0.0,0.0
1201,0.07828,0.07828,0.07828,0.07828,20180317,0.0,0.0
1202,0.08158,0.08158,0.08158,0.08158,20180318,0.0,0.0
1203,0.08563,0.08563,0.08563,0.08563,20180319,0.0,0.0
1204,0.08858,0.08858,0.08858,0.08858,20180320,0.0,0.0
1205,0.08849,0.08849,0.08849,0.08849,20180321,0.0,0.0
1206,0.08664,0.08664,0.08664,0.08664,20180322,0.0,0.0
1207,0.08872,0.08872,0.08872,0.08872,20180323,0.0,0.0
1208,0.08488,0.08488,0.08488,0.08488,20180324,0.0,0.0
1209,0.08414,0.08414,0.08414,0.08414,20180325,0.0,0.0
1210,0.08095,0.08095,0.08095,0.08095,20180326,0.0,0.0
1211,0.07754,0.07754,0.07754,0.07754,20180327,0.0,0.0
1212,0.07904,0.07904,0.07904,0.07904,20180328,0.0,0.0
1213,0.07057,0.07057,0.07057,0.07057,20180329,0.0,0.0
1214,0.06806,0.06806,0.06806,0.06806,20180330,0.0,0.0
1215,0.06895,0.06895,0.06895,0.06895,20180331,0.0,0.0
1216,0.06788,0.06788,0.06788,0.06788,20180401,0.0,0.0
1217,0.07025,0.07025,0.07025,0.07025,20180402,0.0,0.0
1218,0.07382,0.07382,0.07382,0.07382,20180403,0.0,0.0
1219,0.06768,0.06768,0.06768,0.06768,20180404,0.0,0.0
1220,0.06743,0.06743,0.06743,0.06743,20180405,0.0,0.0
1221,0.06588,0.06588,0.06588,0.06588,20180406,0.0,0.0
1222,0.06869,0.06869,0.06869,0.06869,20180407,0.0,0.0
1223,0.07001,0.07001,0.07001,0.07001,20180408,0.0,0.0
1224,0.06742,0.06742,0.06742,0.06742,20180409,0.0,0.0
1225,0.06823,0.06823,0.06823,0.06823,20180410,0.0,0.0
1226,0.06928,0.06928,0.06928,0.06928,20180411,0.0,0.0
1227,0.07872,0.07872,0.07872,0.07872,20180412,0.0,0.0
1228,0.07844,0.07844,0.07844,0.07844,20180413,0.0,0.0
1229,0.07966,0.07966,0.07966,0.07966,20180414,0.0,0.0
1230,0.08318,0.08318,0.08318,0.08318,20180415,0.0,0.0
1231,0.08023,0.08023,0.08023,0.08023,20180416,0.0,0.0
1232,0.07866,0.07866,0.07866,0.07866,20180417,0.0,0.0
1233,0.08133,0.08133,0.08133,0.08133,20180418,0.0,0.0
1234,0.08244,0.08244,0.08244,0.08244,20180419,0.0,0.0
1235,0.08815,0.08815,0.08815,0.08815,20180420,0.0,0.0
1236,0.08873,0.08873,0.08873,0.08873,20180421,0.0,0.0
1237,0.08762,0.08762,0.08762,0.08762,20180422,0.0,0.0
1238,0.08905,0.08905,0.08905,0.08905,20180423,0.0,0.0
1239,0.09588,0.09588,0.09588,0.09588,20180424,0.0,0.0
1240,0.08812,0.08812,0.08812,0.08812,20180425,0.0,0.0
1241,0.09217,0.09217,0.09217,0.09217,20180426,0.0,0.0
1242,0.08876,0.08876,0.08876,0.08876,20180427,0.0,0.0
1243,0.09286,0.09286,0.09286,0.09286,20180428,0.0,0.0
1244,0.09341,0.09341,0.09341,0.09341,20180429,0.0,0.0
1245,0.09184,0.09184,0.09184,0.09184,20180430,0.0,0.0
1246,0.09014,0.09014,0.09014,0.09014,20180501,0.0,0.0
1247,0.09168,0.09168,0.09168,0.09168,20180502,0.0,0.0
1248,0.09677,0.09677,0.09677,0.09677,20180503,0.0,0.0
1249,0.09632,0.09632,0.09632,0.09632,20180504,0.0,0.0
1250,0.09777,0.09777,0.09777,0.09777,20180505,0.0,0.0
1251,0.09577,0.09577,0.09577,0.09577,20180506,0.0,0.0
1252,0.09312,0.09312,0.09312,0.09312,20180507,0.0,0.0
1253,0.09132,0.09132,0.09132,0.09132,20180508,0.0,0.0
1254,0.09256,0.09256,0.09256,0.09256,20180509,0.0,0.0
1255,0.08969,0.08969,0.08969,0.08969,20180510,0.0,0.0
1256,0.08362,0.08362,0.08362,0.08362,20180511,0.0,0.0
1257,0.08427,0.08427,0.08427,0.08427,20180512,0.0,0.0
1258,0.08648,0.08648,0.08648,0.08648,20180513,0.0,0.0
1259,0.08612,0.08612,0.08612,0.08612,20180514,0.0,0.0
1260,0.08421,0.08421,0.08421,0.08421,20180515,0.0,0.0
1261,0.08286,0.08286,0.08286,0.08286,20180516,0.0,0.0
1262,0.08015,0.08015,0.08015,0.08015,20180517,0.0,0.0
1263,0.0819,0.0819,0.0819,0.0819,20180518,0.0,0.0
1264,0.08191,0.08191,0.08191,0.08191,20180519,0.0,0.0
1265,0.08473,0.08473,0.08473,0.08473,20180520,0.0,0.0
1266,0.08361,0.08361,0.08361,0.08361,20180521,0.0,0.0
1267,0.07937,0.07937,0.07937,0.07937,20180522,0.0,0.0
1268,0.07453,0.07453,0.07453,0.07453,20180523,0.0,0.0
1269,0.07532,0.07532,0.07532,0.07532,20180524,0.0,0.0
1270,0.07423,0.07423,0.07423,0.07423,20180525,0.0,0.0
1271,0.07304,0.07304,0.07304,0.07304,20180526,0.0,0.0
1272,0.07311,0.07311,0.07311,0.07311,20180527,0.0,0.0
1273,0.07069,0.07069,0.07069,0.07069,20180528,0.0,0.0
1274,0.07422,0.07422,0.07422,0.07422,20180529,0.0,0.0
1275,0.07341,0.07341,0.07341,0.07341,20180530,0.0,0.0
1276,0.0745,0.0745,0.0745,0.0745,20180531,0.0,0.0
1277,0.07478,0.07478,0.07478,0.07478,20180601,0.0,0.0
1278,0.0759,0.0759,0.0759,0.0759,20180602,0.0,0.0
1279,0.07666,0.07666,0.07666,0.07666,20180603,0.0,0.0
1280,0.07451,0.07451,0.07451,0.07451,20180604,0.0,0.0
1281,0.07576,0.07576,0.07576,0.07576,20180605,0.0,0.0
1282,0.07608,0.07608,0.07608,0.07608,20180606,0.0,0.0
1283,0.07646,0.07646,0.07646,0.07646,20180607,0.0,0.0
1284,0.07574,0.07574,0.07574,0.07574,20180608,0.0,0.0
1285,0.07461,0.07461,0.07461,0.07461,20180609,0.0,0.0
1286,0.06726,0.06726,0.06726,0.06726,20180610,0.0,0.0
1287,0.06839,0.06839,0.06839,0.06839,20180611,0.0,0.0
1288,0.06511,0.06511,0.06511,0.06511,20180612,0.0,0.0
1289,0.06266,0.06266,0.06266,0.06266,20180613,0.0,0.0
1290,0.06597,0.06597,0.06597,0.06597,20180614,0.0,0.0
1291,0.06352,0.06352,0.06352,0.06352,20180615,0.0,0.0
1292,0.06458,0.06458,0.06458,0.06458,20180616,0.0,0.0
1293,0.06413,0.06413,0.06413,0.06413,20180617,0.0,0.0
1294,0.06668,0.06668,0.06668,0.06668,20180618,0.0,0.0
1295,0.06694,0.06694,0.06694,0.06694,20180619,0.0,0.0
1296,0.06714,0.06714,0.06714,0.06714,20180620,0.0,0.0
1297,0.06674,0.06674,0.06674,0.06674,20180621,0.0,0.0
1298,0.06009,0.06009,0.06009,0.06009,20180622,0.0,0.0
1299,0.06123,0.06123,0.06123,0.06123,20180623,0.0,0.0
1300,0.06115,0.06115,0.06115,0.06115,20180624,0.0,0.0
1301,0.06217,0.06217,0.06217,0.06217,20180625,0.0,0.0
1302,0.06046,0.06046,0.06046,0.06046,20180626,0.0,0.0
1303,0.06099,0.06099,0.06099,0.06099,20180627,0.0,0.0
1304,0.0583,0.0583,0.0583,0.0583,20180628,0.0,0.0
1305,0.0616,0.0616,0.0616,0.0616,20180629,0.0,0.0
1306,0.06341,0.06341,0.06341,0.06341,20180630,0.0,0.0
1307,0.06295,0.06295,0.06295,0.06295,20180701,0.0,0.0
1308,0.06569,0.06569,0.06569,0.06569,20180702,0.0,0.0
1309,0.06464,0.06464,0.06464,0.06464,20180703,0.0,0.0
1310,0.06544,0.06544,0.06544,0.06544,20180704,0.0,0.0
1311,0.06489,0.06489,0.06489,0.06489,20180705,0.0,0.0
1312,0.06556,0.06556,0.06556,0.06556,20180706,0.0,0.0
1313,0.06711,0.06711,0.06711,0.06711,20180707,0.0,0.0
1314,0.0666,0.0666,0.0666,0.0666,20180708,0.0,0.0
1315,0.06622,0.06622,0.06622,0.06622,20180709,0.0,0.0
1316,0.06263,0.06263,0.06263,0.06263,20180710,0.0,0.0
1317,0.0635,0.0635,0.0635,0.0635,20180711,0.0,0.0
1318,0.0621,0.0621,0.0621,0.0621,20180712,0.0,0.0
1319,0.06186,0.06186,0.06186,0.06186,20180713,0.0,0.0
1320,0.06225,0.06225,0.06225,0.06225,20180714,0.0,0.0
1321,0.0632,0.0632,0.0632,0.0632,20180715,0.0,0.0
1322,0.06693,0.06693,0.06693,0.06693,20180716,0.0,0.0
1323,0.07275,0.07275,0.07275,0.07275,20180717,0.0,0.0
1324,0.07332,0.07332,0.07332,0.07332,20180718,0.0,0.0
1325,0.07425,0.07425,0.07425,0.07425,20180719,0.0,0.0
1326,0.07283,0.07283,0.07283,0.07283,20180720,0.0,0.0
1327,0.07354,0.07354,0.07354,0.07354,20180721,0.0,0.0
1328,0.07347,0.07347,0.07347,0.07347,20180722,0.0,0.0
1329,0.07664,0.07664,0.07664,0.07664,20180723,0.0,0.0
1330,0.08337,0.08337,0.08337,0.08337,20180724,0.0,0.0
1331,0.08113,0.08113,0.08113,0.08113,20180725,0.0,0.0
1332,0.07882,0.07882,0.07882,0.07882,20180726,0.0,0.0
1333,0.08126,0.08126,0.08126,0.08126,20180727,0.0,0.0
1334,0.08173,0.08173,0.08173,0.08173,20180728,0.0,0.0
1335,0.08159,0.08159,0.08159,0.08159,20180729,0.0,0.0
1336,0.08119,0.08119,0.08119,0.08119,20180730,0.0,0.0
1337,0.07681,0.07681,0.07681,0.07681,20180731,0.0,0.0
1338,0.07558,0.07558,0.07558,0.07558,20180801,0.0,0.0
1339,0.0749,0.0749,0.0749,0.0749,20180802,0.0,0.0
1340,0.07366,0.07366,0.07366,0.07366,20180803,0.0,0.0
1341,0.06969,0.06969,0.06969,0.06969,20180804,0.0,0.0
1342,0.06993,0.06993,0.06993,0.06993,20180805,0.0,0.0
1343,0.06897,0.06897,0.06897,0.06897,20180806,0.0,0.0
1344,0.06676,0.06676,0.06676,0.06676,20180807,0.0,0.0
1345,0.06241,0.06241,0.06241,0.06241,20180808,0.0,0.0
1346,0.06497,0.06497,0.06497,0.06497,20180809,0.0,0.0
1347,0.0611,0.0611,0.0611,0.0611,20180810,0.0,0.0
1348,0.06199,0.06199,0.06199,0.06199,20180811,0.0,0.0
1349,0.06279,0.06279,0.06279,0.06279,20180812,0.0,0.0
1350,0.06219,0.06219,0.06219,0.06219,20180813,0.0,0.0
1351,0.06156,0.06156,0.06156,0.06156,20180814,0.0,0.0
1352,0.0623,0.0623,0.0623,0.0623,20180815,0.0,0.0
1353,0.0628,0.0628,0.0628,0.0628,20180816,0.0,0.0
1354,0.06545,0.06545,0.06545,0.06545,20180817,0.0,0.0
1355,0.06361,0.06361,0.06361,0.06361,20180818,0.0,0.0
1356,0.06457,0.06457,0.06457,0.06457,20180819,0.0,0.0
1357,0.06226,0.06226,0.06226,0.06226,20180820,0.0,0.0
1358,0.06446,0.06446,0.06446,0.06446,20180821,0.0,0.0
1359,0.06322,0.06322,0.06322,0.06322,20180822,0.0,0.0
1360,0.06493,0.06493,0.06493,0.06493,20180823,0.0,0.0
1361,0.06662,0.06662,0.06662,0.06662,20180824,0.0,0.0
1362,0.06702,0.06702,0.06702,0.06702,20180825,0.0,0.0
1363,0.06674,0.06674,0.06674,0.06674,20180826,0.0,0.0
1364,0.06867,0.06867,0.06867,0.06867,20180827,0.0,0.0
1365,0.07042,0.07042,0.07042,0.07042,20180828,0.0,0.0
1366,0.07003,0.07003,0.07003,0.07003,20180829,0.0,0.0
1367,0.0695,0.0695,0.0695,0.0695,20180830,0.0,0.0
1368,0.06978,0.06978,0.06978,0.06978,20180831,0.0,0.0
1369,0.07153,0.07153,0.07153,0.07153,20180901,0.0,0.0
1370,0.0725,0.0725,0.0725,0.0725,20180902,0.0,0.0
1371,0.07219,0.07219,0.07219,0.07219,20180903,0.0,0.0
1372,0.07318,0.07318,0.07318,0.07318,20180904,0.0,0.0
1373,0.06658,0.06658,0.06658,0.06658,20180905,0.0,0.0
1374,0.0647,0.0647,0.0647,0.0647,20180906,0.0,0.0
1375,0.06367,0.06367,0.06367,0.06367,20180907,0.0,0.0
1376,0.06157,0.06157,0.06157,0.06157,20180908,0.0,0.0
1377,0.06205,0.06205,0.06205,0.06205,20180909,0.0,0.0
1378,0.0628,0.0628,0.0628,0.0628,20180910,0.0,0.0
1379,0.06251,0.06251,0.06251,0.06251,20180911,0.0,0.0
1380,0.06293,0.06293,0.06293,0.06293,20180912,0.0,0.0
1381,0.06447,0.06447,0.06447,0.06447,20180913,0.0,0.0
1382,0.06441,0.06441,0.06441,0.06441,20180914,0.0,0.0
1383,0.06476,0.06476,0.06476,0.06476,20180915,0.0,0.0
1384,0.06457,0.06457,0.06457,0.06457,20180916,0.0,0.0
1385,0.06218,0.06218,0.06218,0.06218,20180917,0.0,0.0
1386,0.06302,0.06302,0.06302,0.06302,20180918,0.0,0.0
1387,0.06354,0.06354,0.06354,0.06354,20180919,0.0,0.0
1388,0.0646,0.0646,0.0646,0.0646,20180920,0.0,0.0
1389,0.06715,0.06715,0.06715,0.06715,20180921,0.0,0.0
1390,0.0667,0.0667,0.0667,0.0667,20180922,0.0,0.0
1391,0.06656,0.06656,0.06656,0.06656,20180923,0.0,0.0
1392,0.06537,0.06537,0.06537,0.06537,20180924,0.0,0.0
1393,0.06393,0.06393,0.06393,0.06393,20180925,0.0,0.0
1394,0.06417,0.06417,0.06417,0.06417,20180926,0.0,0.0
1395,0.06639,0.06639,0.06639,0.06639,20180927,0.0,0.0
1396,0.06589,0.06589,0.06589,0.06589,20180928,0.0,0.0
1397,0.06558,0.06558,0.06558,0.06558,20180929,0.0,0.0
1398,0.06577,0.06577,0.06577,0.06577,20180930,0.0,0.0
1399,0.06549,0.06549,0.06549,0.06549,20181001,0.0,0.0
1400,0.0648,0.0648,0.0648,0.0648,20181002,0.0,0.0
1401,0.06447,0.06447,0.06447,0.06447,20181003,0.0,0.0
1402,0.06534,0.06534,0.06534,0.06534,20181004,0.0,0.0
1403,0.06586,0.06586,0.06586,0.06586,20181005,0.0,0.0
1404,0.06544,0.06544,0.06544,0.06544,20181006,0.0,0.0
1405,0.06555,0.06555,0.06555,0.06555,20181007,0.0,0.0
1406,0.06604,0.06604,0.06604,0.06604,20181008,0.0,0.0
1407,0.06585,0.06585,0.06585,0.06585,20181009,0.0,0.0
1408,0.06535,0.06535,0.06535,0.06535,20181010,0.0,0.0
1409,0.06166,0.06166,0.06166,0.06166,20181011,0.0,0.0
1410,0.06207,0.06207,0.06207,0.06207,20181012,0.0,0.0
1411,0.06223,0.06223,0.06223,0.06223,20181013,0.0,0.0
1412,0.06234,0.06234,0.06234,0.06234,20181014,0.0,0.0
1413,0.06566,0.06566,0.06566,0.06566,20181015,0.0,0.0
1414,0.06537,0.06537,0.06537,0.06537,20181016,0.0,0.0
1415,0.06528,0.06528,0.06528,0.06528,20181017,0.0,0.0
1416,0.06443,0.06443,0.06443,0.06443,20181018,0.0,0.0
1417,0.06424,0.06424,0.06424,0.06424,20181019,0.0,0.0
1418,0.06445,0.06445,0.06445,0.06445,20181020,0.0,0.0
1419,0.06464,0.06464,0.06464,0.06464,20181021,0.0,0.0
1420,0.06438,0.06438,0.06438,0.06438,20181022,0.0,0.0
1421,0.06425,0.06425,0.06425,0.06425,20181023,0.0,0.0
1422,0.06431,0.06431,0.06431,0.06431,20181024,0.0,0.0
1423,0.06418,0.06418,0.06418,0.06418,20181025,0.0,0.0
1424,0.06412,0.06412,0.06412,0.06412,20181026,0.0,0.0
1425,0.06425,0.06425,0.06425,0.06425,20181027,0.0,0.0
1426,0.06425,0.06425,0.06425,0.06425,20181028,0.0,0.0
1427,0.0627,0.0627,0.0627,0.0627,20181029,0.0,0.0
1428,0.06265,0.06265,0.06265,0.06265,20181030,0.0,0.0
1429,0.06298,0.06298,0.06298,0.06298,20181031,0.0,0.0
1430,0.06337,0.06337,0.06337,0.06337,20181101,0.0,0.0
1431,0.0635,0.0635,0.0635,0.0635,20181102,0.0,0.0
1432,0.06332,0.06332,0.06332,0.06332,20181103,0.0,0.0
1433,0.06422,0.06422,0.06422,0.06422,20181104,0.0,0.0
1434,0.06389,0.06389,0.06389,0.06389,20181105,0.0,0.0
1435,0.06434,0.06434,0.06434,0.06434,20181106,0.0,0.0
1436,0.06484,0.06484,0.06484,0.06484,20181107,0.0,0.0
1437,0.06401,0.06401,0.06401,0.06401,20181108,0.0,0.0
1438,0.06333,0.06333,0.06333,0.06333,20181109,0.0,0.0
1439,0.06352,0.06352,0.06352,0.06352,20181110,0.0,0.0
1440,0.06363,0.06363,0.06363,0.06363,20181111,0.0,0.0
1441,0.0633,0.0633,0.0633,0.0633,20181112,0.0,0.0
1442,0.06295,0.06295,0.06295,0.06295,20181113,0.0,0.0
1443,0.05701,0.05701,0.05701,0.05701,20181114,0.0,0.0
1444,0.05608,0.05608,0.05608,0.05608,20181115,0.0,0.0
1445,0.05547,0.05547,0.05547,0.05547,20181116,0.0,0.0
1446,0.0553,0.0553,0.0553,0.0553,20181117,0.0,0.0
1447,0.05576,0.05576,0.05576,0.05576,20181118,0.0,0.0
1448,0.04776,0.04776,0.04776,0.04776,20181119,0.0,0.0
1449,0.04411,0.04411,0.04411,0.04411,20181120,0.0,0.0
1450,0.04355,0.04361,0.04355,0.04361,20181121,0.0,0.0
